bacru	gismu   	-ba'u-		      	x_1 utters x_2
badna	gismu			      	x_1 is a banana fruit or plant of species x_2
badri	gismu   	-dri-		      	x_1 is sad about x_2
bajra	gismu   	-baj-		      	x_1 runs on x_2 using limbs x_3 with gait x_4
bakfu	gismu   	-baf-		      	x_1 is a pack or bundle containing x_2 held together by x_3
bakni	gismu   	-bak-		      	x_1 is a cow or bovine of species x_2
bakri	gismu			      	x_1 is chalk from x_2 in the form of x_3
baktu	gismu			      	x_1 is a pail or bucket containing x_2 made of material x_3
balji	gismu			      	x_1 is a plant bulb of species x_2
balni	gismu			      	x_1 is a balcony or shelf of structure x_2
balre	gismu   	-ba'e-		      	x_1 is a blade of tool or weapon x_2
balvi	gismu   	-bav-		      	x_1 is later than or in the future of x_2
bambu	experimental gismu			      	x_1 is a bamboo of variety x_2
bancu	gismu   	-bac-		      	x_1 is beyond boundary x_2 from x_3 in property or amount x_4
bandu	gismu   	-bad-		      	x_1 defends x_2 from threat x_3
banfi	gismu			      	x_1 is an amphibian of species x_2
bangu	gismu   	-ban-   	-bau-	      	x_1 is a language used by x_2 to communicate x_3
banli	gismu   	-bal-   	-ba'i-	      	x_1 is great in property x_2 by the standard x_3
banro	gismu   	-ba'o-		      	x_1 grows to size or into form x_2 from x_3
banxa	gismu   	-bax-		      	x_1 is a bank owned by x_2 for banking functions x_3
bapli	gismu   	-bap-   	-bai-	      	x_1 forces event x_2 to occur
barda	gismu   	-bra-		      	x_1 is big in property or dimension x_2 as compared to x_3
bargu	gismu   	-bag-		      	x_1 is an arch over or around x_2 of material x_3
barja	gismu			      	x_1 is a bar serving x_2 to customers x_3
barna	gismu   	-ba'a-		      	x_1 is a mark or spot on x_2 of material x_3
bartu	gismu   	-bar-		      	x_1 is outside of x_2
basfa	experimental gismu			      	x_1 is an omnibus for carrying x_2 in medium x_3 propelled by x_4
basna	gismu			      	x_1 emphasizes x_2 by action x_3
basti	gismu   	-bas-		      	x_1 replaces x_2 in circumstance x_3
batci	gismu   	-bat-		      	x_1 bites or pinches x_2 on or at x_3 with x_4
batke	gismu			      	x_1 is a button or knob on x_2 with purpose x_3 of material x_4
bavmi	gismu			      	x_1 is a quantity of barley of species x_2
baxso	gismu			      	x_1 is Malay-Indonesian in aspect x_2
bebna	gismu   	-beb-		      	x_1 is foolish in action or property x_2
bekpi	experimental gismu			      	x_1 is the back/dorsum/'posterior' body-part of x_2
bemro	gismu   	-bem-   	-be'o-	      	x_1 is North American in aspect x_2
bende	gismu   	-bed-   	-be'e-	      	x_1 is a team or crew of persons x_2 led by x_3 for purpose x_4
bengo	gismu   	-beg-		      	x_1 is Bengladesh in aspect x_2
benji	gismu   	-bej-   	-be'i-	      	x_1 transmits x_2 to receiver x_3 from origin x_4 via x_5
bersa	gismu   	-bes-   	-be'a-	      	x_1 is a son of x_2
berti	gismu   	-ber-		      	x_1 is to the northern side of x_2 in reference frame x_3
besna	gismu   	-ben-		      	x_1 is a brain of x_2
betfu	gismu   	-bef-   	-be'u-	      	x_1 is a abdomen or lower trunk of x_2
betri	gismu   	-bet-		      	x_1 is a tragedy for x_2
bevri	gismu   	-bev-   	-bei-	      	x_1 transports or carries x_2 to x_3 from x_4 by path x_5
bidju	gismu			      	x_1 is a bead or pebble made of x_2
bifce	gismu   	-bic-		      	x_1 is a bee or wasp of species x_2
bikla	gismu   	-bik-		      	x_1 whips or lashes
bilga	gismu   	-big-		      	x_1 is obligated to do x_2 by agreement x_3
bilma	gismu   	-bi'a-		      	x_1 is ill or sick with symptoms x_2 from disease x_3
bilni	gismu   	-bil-		      	x_1 is regimented organized by x_2 for purpose x_3
bindo	gismu   	-bid-		      	x_1 is Indonesian in aspect x_2
binra	gismu			      	x_1 insures x_2 against threat x_3 with benefit x_4
binxo	gismu   	-bix-   	-bi'o-	      	x_1 transforms into x_2
birje	gismu			      	x_1 is made of or contains beer or ale brewed from x_2
birka	gismu   	-bir-		      	x_1 is an arm of x_2
birti	gismu   	-bit-		      	x_1 is convinced that x_2 is true
bisli	gismu   	-bis-		      	x_1 is a quantity of ice made of x_2
bitmu	gismu   	-bim-   	-bi'u-	      	x_1 is a wall or fence separating x_2 and x_3 of or in structure x_4
blabi	gismu   	-lab-		      	x_1 is white
blaci	gismu			      	x_1 is a quantity of glass of material x_2
blanu	gismu   	-bla-		      	x_1 is blue
bliku	gismu   	-bli-		      	x_1 is a block of material x_2 with surfaces or sides x_3
bloti	gismu   	-lot-   	-blo-   	-lo'i-      	x_1 is a boat or ship for carrying x_2 propelled by x_3
bluji	experimental gismu			      	x_1 is a pair of jeans / blue jeans
bolci	gismu   	-bol-   	-boi-	      	x_1 is a ball or sphere made of x_2
bongu	gismu   	-bog-   	-bo'u-	      	x_1 is a bone performing function x_2 in the body of x_3
botpi	gismu   	-bot-   	-bo'i-	      	x_1 is a bottle, jar, or flask for x_2 made of x_3 with lid x_4
boxfo	gismu   	-bof-   	-bo'o-	      	x_1 is a sheet or blanket made of x_3
boxna	gismu   	-bon-   	-bo'a-	      	x_1 is a wave in x_2 with wave-form x_3, wavelength x_4, and frequency x_5
bradi	gismu			      	x_1 is an enemy of x_2 in struggle x_3
bratu	gismu			      	x_1 is hail or sleet of material x_2
brazo	gismu   	-raz-		      	x_1 is Brazilian in aspect x_2
bredi	gismu   	-red-   	-bre-	      	x_1 is ready for x_2
bridi	gismu   	-bri-		      	x_1 is a predicate with relationship x_2 among arguments x_3
brife	gismu   	-bif-   	-bi'e-	      	x_1 is wind from direction x_2 with speed x_3
briju	gismu   	-bij-		      	x_1 is an office or bureau of worker x_2 at location x_3
brito	gismu   	-rit-		      	x_1 is British in aspect x_2
broda	gismu   	-rod-		      	x_1 is the predicate variable 1
brode	gismu   	-bo'e-		      	x_1 is the predicate variable 2
brodi	gismu			      	x_1 is the predicate variable 3
brodo	gismu			      	x_1 is the predicate variable 4
brodu	gismu			      	x_1 is the predicate variable 5
bruna	gismu   	-bun-   	-bu'a-	      	x_1 is a brother of x_2 by bond x_3
budjo	gismu   	-buj-   	-bu'o-	      	x_1 is Buddhist in aspect x_2
bukpu	gismu   	-buk-   	-bu'u-	      	x_1 is a quantity of cloth made of x_2
bumru	gismu   	-bum-		      	x_1 is covered by a fog or mist of liquid x_2
bunda	gismu   	-bud-		      	x_1 is x_2 non-metric weight units in standard x_3 with subunits x_4
bunre	gismu   	-bur-   	-bu'e-	      	x_1 is brown
burcu	gismu   	-bru-		      	x_1 is a brush for x_2 with bristles x_3
burna	gismu			      	x_1 is embarrassed about x_2
cabna	gismu   	-cab-		      	x_1 is current with x_2 in time
cabra	gismu   	-ca'a-		      	x_1 is apparatus for function x_2 controlled by x_3
cacra	gismu			      	x_1 is x_2 hours in duration
cadzu	gismu   	-dzu-		      	x_1 walks on surface x_2 using limbs x_3
cafne	gismu   	-caf-		      	x_1 (nu) occurs frequently
cagna	experimental gismu			      	x_1 is a wound on body x_2 at locus x_3 caused by x_4
cakla	gismu			      	x_1 is made of or contains a quantity of chocolate or cocoa
calku	gismu   	-cak-		      	x_1 is a shell or husk around x_2 made of x_3
canci	gismu			      	x_1 vanishes from location x_2 using senses or sensor x_3
cando	gismu   	-cad-		      	x_1 is idle or at rest
cange	gismu   	-cag-		      	x_1 is a farm or ranch at x_2 farmed by x_3 that raises or produces x_4
canja	gismu   	-caj-		      	x_1 trades x_2 for x_3 with x_4
canko	gismu   	-ca'o-		      	x_1 is a window or portal in wall or building x_2
canlu	gismu   	-cal-   	-ca'u-	      	x_1 is a space or room occupied by x_2
canpa	gismu   	-cna-		      	x_1 is a shovel or spade for digging x_2
canre	gismu   	-can-		      	x_1 is a quantity of sand or grit from x_2 of composition x_3
canti	gismu			      	x_1 is the intestines or guts of x_2
carce	gismu			      	x_1 is a carriage or wagon for carrying x_2 propelled by x_3
carmi	gismu   	-cam-   	-cai-	      	x_1 is bright or intense in property x_2 as measured by observer x_3
carna	gismu   	-car-		      	x_1 turns or rotates around axis x_2 in direction x_3
cartu	gismu   	-cat-		      	x_1 is a chart or diagram of x_2 showing information x_3
carvi	gismu   	-cav-		      	x_1 rains or showers to x_2 from x_3
casnu	gismu   	-snu-		      	x_1 discusses or talks about x_2
catke	gismu   	-ca'e-		      	x_1 shoves or pushes x_2 at location x_3
catlu	gismu   	-cta-		      	x_1 looks at x_2
catni	gismu   	-ca'i-		      	x_1 has authority over x_2 on the basis of x_3
catra	gismu			      	x_1 kills x_2 by action x_3
caxno	gismu   	-cax-		      	x_1 is shallow in direction x_2 from reference point x_3
cecla	gismu   	-cel-   	-ce'a-	      	x_1 launches projectile or missile x_2 propelled by x_3
cecmu	gismu   	-cem-   	-ce'u-	      	x_1 is a community or colony of organisms x_2
cedra	gismu			      	x_1 is an era or age characterized by x_2
cenba	gismu   	-cne-		      	x_1 varies in property or quantity x_2 in amount x_3
censa	gismu   	-ces-		      	x_1 is holy or sacred to x_2
centi	gismu   	-cen-		      	x_1 is a hundreth of x_2 in dimension or aspect x_2
cerda	gismu   	-ced-		      	x_1 is an inheritor of or heir to x_2 from x_3 according to rule x_4
cerni	gismu   	-cer-		      	x_1 is a morning of day x_2 at location x_3
certu	gismu   	-cre-		      	x_1 is an expert or is skilled at x_2
cevni	gismu   	-cev-   	-cei-	      	x_1 is a god of people or religion x_2 with dominion over x_3
cfari	gismu   	-cfa-		      	x_1 commences, begins, or starts
cfika	gismu   	-fik-   	-fi'a-	      	x_1 is a work of fiction about plot or theme x_2 by author x_3
cfila	gismu   	-cfi-		      	x_1 is a flaw or defect in x_2 causing x_3
cfine	gismu			      	x_1 is a wedge of material x_2
cfipu	gismu   	-fi'u-		      	x_1 confuses or baffles x_2 due to property x_3
ciblu	gismu   	-blu-		      	x_1 is blood or vital fluid of organism x_2
cicna	gismu			      	x_1 is cyan or torquoise
cidja	gismu   	-dja-		      	x_1 is food or nutriment for x_2
cidni	gismu   	-cid-		      	x_1 is the knee, elbow, or other hinged joint of limb x_2 of body x_3
cidro	gismu   	-dro-		      	x_1 is a quantity of hydrogen
cifnu	gismu   	-cif-		      	x_1 is an infant or baby of species x_2
cigla	gismu   	-cig-		      	x_1 is a gland secreting x_2 of body x_3
cikna	gismu   	-cik-		      	x_1 is awake
cikre	gismu			      	x_1 repairs or mends x_2 for use x_3
ciksi	gismu   	-cki-		      	x_1 explains x_2 to x_3 with explanation x_4
cilce	gismu   	-cic-		      	x_1 is wild or untamed
cilmo	gismu   	-cim-		      	x_1 is moist or damp with liquid x_2
cilre	gismu   	-cli-		      	x_1 learns x_2 about x_3 from x_4 by method x_5
cilta	gismu   	-cil-		      	x_1 is a thread of material x_2
cimde	gismu			      	x_1 is a dimension of space or object x_2 according to rule or model x_3
cimni	gismu			      	x_1 in infinite in property or dimension x_2 to degree or of type x_3
cinba	gismu			      	x_1 kisses x_2 at x_3
cindu	gismu			      	x_1 is an oak of species x_2
cinfo	gismu			      	x_1 is a lion of species x_2
cinje	gismu   	-cij-		      	x_1 is a wrinkle in x_2
cinki	gismu			      	x_1 is an insect of species x_2
cinla	gismu			      	x_1 is thin in dimension x_2
cinmo	gismu   	-cni-		      	x_1 feels emotion x_2 about x_3
cinri	gismu   	-ci'i-		      	x_1 interests x_2
cinse	gismu   	-cin-		      	x_1 in activity or state x_2 exhibits sexuality x_3
cinta	gismu			      	x_1 is paint of substance x_2 in a base of x_3
cinza	gismu			      	x_1 is a pincer or tongs for x_2 to pinch x_3
cipni	gismu   	-cpi-		      	x_1 is a bird of species x_2
cipra	gismu   	-cip-		      	x_1 is a test of x_2 in subject x_3
cirko	gismu   	-cri-		      	x_1 loses x_2 at x_3
cirla	gismu			      	x_1 is a quantity of cheese from source x_2
ciska	gismu   	-ci'a-		      	x_1 writes x_2 on x_3 using x_4
cisma	gismu			      	x_1 smiles
ciste	gismu   	-ci'e-		      	x_1 is a system with structure x_2, components x_3, displaying property x_4
citka	gismu   	-cti-		      	x_1 eats x_2
citno	gismu   	-cit-   	-ci'o-	      	x_1 is young in that it has x_2 (ka)
citri	gismu   	-cir-		      	x_1 is a history of x_2 according to x_3
citsi	gismu			      	x_1 is a season defined by x_2 of year(s) x_3
civla	gismu   	-civ-		      	x_1 is a flea or louse of species x_2 parasitic on x_3
cizra	gismu   	-ciz-		      	x_1 is strange to x_2 in property x_3
ckabu	gismu			      	x_1 is a quantity of rubber from source x_2 made of x_3
ckafi	gismu   	-kaf-		      	x_1 is a quantity of coffee from source x_2
ckaji	gismu   	-kai-		      	x_1 is characterized by property x_2
ckana	gismu   	-cka-		      	x_1 is a bed of material x_2 for holding or supporting x_3
ckape	gismu   	-cap-		      	x_1 is dangerous for x_2
ckasu	gismu   	-cas-		      	x_1 ridicules x_2 about x_3 by doing x_4
ckeji	gismu   	-kej-   	-cke-	      	x_1 feels ashamed under conditions x_2 before audience x_3
ckiku	gismu   	-kik-		      	x_1 is a key fitting lock x_2 with properties x_3
ckilu	gismu   	-ci'u-		      	x_1 is a scale of units for measuring x_2
ckini	gismu   	-ki'i-		      	x_1 is related to x_2 by relationship x_3
ckire	gismu   	-kir-		      	x_1 is grateful or thankful to x_2 for x_3
ckule	gismu   	-kul-   	-cu'e-	      	x_1 is a school at x_2, teaching x_3 to x_4, operated by x_5
ckunu	gismu   	-ku'u-		      	x_1 is a conifer of species x_2 with cones x_3
cladu	gismu   	-lau-		      	x_1 is loud at observation point x_2
clani	gismu   	-cla-		      	x_1 is long in dimension x_2
claxu	gismu   	-cau-		      	x_1 lacks x_2
clika	gismu			      	x_1 is lichen or moss of species x_2 growing on x_3
clira	gismu   	-lir-		      	x_1 (nu) is early by standard x_2
clite	gismu   	-lit-		      	x_1 is polite in matter x_2 according to custom x_3
cliva	gismu   	-liv-   	-li'a-	      	x_1 leaves x_2 via x_3
clupa	gismu   	-cup-		      	x_1 is a loop of material x_2
cmaci	gismu			      	x_1 is mathematics of type x_2
cmalu	gismu   	-cma-		      	x_1 is small in dimension x_2
cmana	gismu   	-ma'a-		      	x_1 is a mountain projecting from x_2
cmavo	gismu   	-ma'o-		      	x_1 is a structure word of group x_2, meaning x_3, used in language x_4
cmene	gismu   	-cme-   	-me'e-	      	x_1 is the name for x_2 used by x_3
cmila	gismu   	-mi'a-		      	x_1 laughs
cmima	gismu   	-mim-   	-cmi-	      	x_1 is a member of x_2
cmoni	gismu   	-cmo-   	-co'i-	      	x_1 moans or howls x_2 expressing x_3
cnano	gismu   	-na'o-		      	x_1 is an average in property or amount x_2 among set x_3
cnebo	gismu   	-neb-   	-ne'o-	      	x_1 is the neck of x_2
cnemu	gismu   	-nem-   	-ne'u-	      	x_1 rewards x_2 for atypical event or property x_3 with x_4
cnici	gismu   	-nic-		      	x_1 is neat or orderly in property x_2
cnino	gismu   	-nin-   	-ni'o-	      	x_1 is new to x_2 in property x_3
cnisa	gismu   	-nis-		      	x_1 is a quantity of lead
cnita	gismu   	-nit-   	-ni'a-	      	x_1 is directly beneath or below x_2 in reference frame x_3
cokcu	gismu   	-cko-		      	x_1 soaks up x_2 from x_3 into x_4
condi	gismu   	-con-   	-cno-   	-coi-      	x_1 is deep in property x_2 away from x_3
cortu	gismu   	-cor-   	-cro-	      	x_1 feels pain at x_2
cpacu	gismu   	-cpa-		      	x_1 acquires or gets x_2 from x_3
cpana	gismu			      	x_1 on top of x_2 in frame of reference x_3
cpare	gismu   	-par-		      	x_1 climbs on x_2 in direction x_3 using x_4
cpedu	gismu   	-cpe-		      	x_1 requests or asks for x_2 from x_3 in manner x_4
cpina	gismu			      	x_1 is pungent or irritating to sense x_2
cradi	gismu			      	x_1 broadcasts or transmits x_2 via station or frequency x_3 to receiver x_4
crane	gismu   	-cra-		      	x_1 is in front of x_2 facing x_3
creka	gismu   	-cek-		      	x_1 is a shirt of material x_2
crepu	gismu   	-rep-		      	x_1 harvests x_2 from x_3
cribe	gismu   	-rib-		      	x_1 is a bear of species x_2
crida	gismu   	-rid-		      	x_1 is a fairy, elf, or other mythical humanoid of religion x_2
crino	gismu   	-ri'o-		      	x_1 is green
cripu	gismu   	-rip-		      	x_1 is a bridge across x_2 between x_3 and x_4
crisa	gismu   	-cis-		      	x_1 is summer of year x_2 at location x_3
critu	gismu			      	x_1 is autumn of year x_2 at location x_3
ctaru	gismu			      	x_1 as a tide in x_2 caused by x_3
ctebi	gismu   	-teb-		      	x_1 is the lip of orifice x_2 of body x_3
cteki	gismu   	-tek-   	-ce'i-	      	x_1 is a tax on x_2 levied against x_3 by authority or collector x_4
ctile	gismu			      	x_1 is a quantity of petroleum from source x_2
ctino	gismu   	-ti'o-		      	x_1 as a shadow of x_2 made by light source x_3
ctuca	gismu   	-ctu-		      	x_1 teaches to x_2 ideas x_3 about subject x_4 by method x_5
cukla	gismu   	-cuk-		      	x_1 is round
cukta	gismu   	-cku-		      	x_1 is a book with work x_2 by author x_3 for audience x_4 in medium x_5
culno	gismu   	-clu-		      	x_1 is full of x_2
cumki	gismu   	-cum-   	-cu'i-	      	x_1 is possible	See {fau}
cumla	gismu   	-cul-		      	x_1 is modest or humble about x_2
cunmi	gismu			      	x_1 is a quantity of millet or grain of species x_2
cunso	gismu   	-cun-   	-cu'o-	      	x_1 is random under conditions x_2 with probability distribution x_3
cuntu	gismu   	-cu'u-		      	x_1 is an affair or organized activity involving people x_2
cupra	gismu   	-pra-		      	x_1 produces x_2 by process x_3
curmi	gismu   	-cru-		      	x_1 allows or permits x_2
curnu	gismu   	-cur-		      	x_1 is a worm of species x_2
curve	gismu   	-cuv-		      	x_1 is pure in property x_2
cusku	gismu   	-cus-   	-sku-	      	x_1 says x_2 for audience x_3 via medium x_4
cutci	gismu   	-cuc-		      	x_1 is a shoe for covering x_2 of material x_3
cutne	gismu   	-cut-		      	x_1 is the chest of x_2
cuxna	gismu   	-cux-   	-cu'a-	      	x_1 chooses x_2 from set x_3
dacru	gismu   	-dac-		      	x_1 is a drawer in x_2 for contents x_3
dacti	gismu   	-dai-		      	x_1 is a material object enduring in space-time; x_1 is a thing
dadjo	gismu   	-daj-		      	x_1 is Taoist in aspect x_2
dakfu	gismu   	-dak-		      	x_1 is a knife for cutting x_2 with blade material x_3
dakli	gismu			      	x_1 is a bag or sack containing x_2 of material x_3
damba	gismu   	-dab-   	-da'a-	      	x_1 fights or struggles with x_2 over issue x_3
damri	gismu			      	x_1 is a drum, gong or other percussion instrument with beater x_2
dandu	gismu   	-dad-		      	x_1 is suspended or hangs from x_2 at joint x_3
danfu	gismu   	-daf-		      	x_1 is the answer or solution to question or problem x_2
danlu	gismu   	-dal-   	-da'u-	      	x_1 is a creature of species x_2
danmo	gismu   	-dam-		      	x_1 is smoke from source x_2
danre	gismu   	-da'e-		      	x_1 puts pressure on or applies force to x_2
dansu	gismu			      	x_1 dances to accompaniment or rhythm x_2
danti	gismu   	-dan-		      	x_1 is a bullet, missile, or other ballistic projectile for firing by x_2
daplu	gismu   	-plu-		      	x_1 is an island of material or property x_2 surrounded by x_3
dapma	gismu   	-dap-		      	x_1 condemns or curses x_2 to fate x_3
dargu	gismu   	-dag-		      	x_1 is a road or highway to x_2 from x_3 via x_4
darlu	gismu   	-dau-		      	x_1 argues for stance x_2 against stance x_3
darno	gismu   	-dar-   	-da'o-	      	x_1 is distant from x_2 in property x_3
darsi	gismu			      	x_1 shows audacity in behavior x_2
darxi	gismu   	-dax-   	-da'i-	      	x_1 hits or strikes x_2 with x_3 at x_4
daski	gismu			      	x_1 is a pocket or pouch in x_2
dasni	gismu   	-das-		      	x_1 wears x_2 as garment of type x_3
daspo	gismu   	-spo-		      	x_1 destroys x_2
dasri	gismu   	-sri-		      	x_1 is a ribbon or strip of material x_2
datka	gismu			      	x_1 is a duck of species x_2
datni	gismu			      	x_1 is information about x_2 gathered by method x_3
datru	experimental gismu			      	x_1 (event) is occurring on day x_2 of month x_3 of year x_4 in calendar x_5
decti	gismu   	-dec-		      	x_1 is a tenth of x_2 in dimension or aspect x_3
degji	gismu   	-deg-		      	x_1 is a finger, toe, or digit on limb x_2 of body x_3
dejni	gismu   	-dej-		      	x_1 owes debt x_2 to creditor x_3 in return for x_4
dekpu	gismu			      	x_1 is x_2 non-metric volume units in standard x_3 with subunits x_4
dekto	gismu   	-dek-		      	x_1 is ten of x_2 in dimension or aspect x_3
delno	gismu   	-del-   	-de'o-	      	x_1 is x_2 candela in luminosity
dembi	gismu   	-deb-		      	x_1 is a legume, bean, or pea from plant x_2
denci	gismu   	-den-   	-de'i-	      	x_1 is a tooth of x_2
denmi	gismu   	-dem-		      	x_1 is dense in property x_2 at location x_3
denpa	gismu   	-dep-   	-de'a-	      	x_1 waits or pauses for x_2 at state x_3 before doing x_4
dertu	gismu   	-der-   	-de'u-	      	x_1 is a quantity of soil or dirt from x_2 of composition x_3
derxi	gismu   	-dre-		      	x_1 is a heap or stack of materials x_2 at location x_3
desku	gismu   	-des-		      	x_1 is shakes or vibrates from force x_2
detri	gismu   	-det-		      	x_1 is the date of event x_2 at location x_3 by calendar x_4
dicra	gismu   	-dir-		      	x_1 interrupts or disrupts x_2 due to quality x_3
didni	experimental gismu			      	x_1 deduces/reasons by deduction/establishes by deduction that x_2 is true about x_3 from general rule x_4
dikca	gismu   	-dic-		      	x_1 is electricity in x_2 of polarity or quantity x_3
diklo	gismu   	-klo-		      	x_1 is confined to location x_2 within range x_3
dikni	gismu   	-dik-		      	x_1 is regular or periodic in x_2 with interval x_3
dilcu	gismu			      	x_1 is a quotient of, x_2 divided by x_3, leaving remainder x_4
dilnu	gismu   	-dil-		      	x_1 is a cloud of material x_2 in air mass x_3 at elevation x_4
dimna	gismu   	-dim-		      	x_1 is a fate or destiny of x_2
dinju	gismu   	-dij-   	-di'u-	      	x_1 is a building for purpose x_2
dinko	gismu   	-di'o-		      	x_1 is a nail or tack of type x_2 of material x_3
dirba	gismu   	-dib-		      	x_1 is dear or precious to x_2
dirce	gismu   	-di'e-		      	x_1 radiates or emits x_2
dirgo	gismu   	-dig-		      	x_1 is a drop of x_2 in surrounding material x_3
ditcu	experimental gismu			      	x_1 is the time-duration/period of event x_2.
dizlo	gismu   	-diz-   	-dzi-	      	x_1 is low or down in reference frame x_2 compared to height x_3
djacu	gismu   	-jac-   	-jau-	      	x_1 is a quantity of water
djedi	gismu   	-dje-   	-dei-	      	x_1 is x_2 full days long
djica	gismu   	-dji-		      	x_1 desires or wants x_2 for purpose x_3
djine	gismu   	-jin-		      	x_1 is a ring of material x_2 with inside, outside diameters x_3, x_4
djuno	gismu   	-jun-   	-ju'o-	      	x_1 knows fact x_2 about x_3 by epistemology x_4
donri	gismu   	-dor-   	-do'i-	      	x_1 is daytime of day x_2 at location x_3
dotco	gismu   	-dot-   	-do'o-	      	x_1 is German in aspect x_2
draci	gismu			      	x_1 is a drama or play about x_2 by x_3 for audience x_4 with actors x_4
drani	gismu   	-dra-		      	x_1 is correct in property or aspect x_2 for situation x_3
drata	gismu   	-dat-		      	x_1 is not the same as x_2
drudi	gismu   	-rud-   	-dru-	      	x_1 is a roof or lid of x_2
dugri	gismu   	-dug-		      	x_1 is the logarithm of x_2 with base x_3
dukse	gismu   	-dus-   	-du'e-	      	x_1 is too much in x_2 (ka) for purpose x_3 (nu) to take place	Excess. See {banzu}
dukti	gismu   	-dut-		      	x_1 is opposite or contrary to x_2 in property or on scale x_3
dunda	gismu   	-dud-   	-du'a-	      	x_1 gives or donates x_2 to x_3
dunja	gismu   	-duj-		      	x_1 freezes at temperature x_2 and pressure x_3
dunku	gismu   	-duk-   	-du'u-	      	x_1 is distressed or anguished by x_2
dunli	gismu   	-dun-   	-du'i-	      	x_1 is equal to x_2 in property, dimension, or quantity x_3
dunra	gismu   	-dur-		      	x_1 is winter of year x_2 at location x_3
dzena	gismu   	-dze-		      	x_1 is an elder or ancestor of x_2 by bond x_3
dzipo	gismu   	-zip-   	-zi'o-	      	x_1 is Antarctican in aspect x_2
facki	gismu   	-fak-   	-fa'i-	      	x_1 discovers x_2 about x_3
fadni	gismu   	-fad-		      	x_1 is ordinary in property x_2 among members of x_3
fagri	gismu   	-fag-		      	x_1 is a fire in fuel x_2 burning in x_3
falnu	gismu   	-fan-		      	x_1 is a sail for gathering x_2 on vehicle x_3
famti	gismu			      	x_1 is an aunt or uncle of x_2 by bond x_3
fancu	gismu			      	x_1 is a function mapping domain x_2 to range x_3 defined by rule x_4
fange	gismu			      	x_1 is alien or unfamiliar to x_2 in property x_3
fanmo	gismu   	-fam-   	-fa'o-	      	x_1 is an end or finish of or process x_2
fanri	gismu			      	x_1 is a factory or mill producing x_2 from x_3
fanta	gismu			      	x_1 prevents x_2 from occurring
fanva	gismu			      	x_1 translates x_2 to language x_3 from language x_4 with result x_5
fanza	gismu   	-faz-		      	x_1 annoys x_2
fapro	gismu   	-fap-   	-pro-	      	x_1 opposes x_2 about x_3
farlu	gismu   	-fal-   	-fa'u-	      	x_1 falls to x_2 from x_3 in gravity well x_4
farna	gismu   	-far-   	-fa'a-	      	x_1 is the direction of x_2 from origin x_3
farvi	gismu   	-fav-		      	x_1 evolves or develops into x_2 from x_3 through stages x_4
fasnu	gismu   	-fau-		      	x_1 occurs or happens
fatci	gismu   	-fac-		      	x_1 is a fact
fatne	gismu   	-fat-   	-fa'e-	      	x_1 is in reverse order from x_2
fatri	gismu   	-fai-		      	x_1 is distributed among x_2 with shares x_3
febvi	gismu   	-feb-		      	x_1 boils at temperature x_2 and pressure x_3
femti	gismu   	-fem-		      	x_1 is 10 to the negative fifteenth of x_2 in dimension x_3
fendi	gismu   	-fed-		      	x_1 divides x_2 into x_3 by method x_4
fengu	gismu   	-feg-   	-fe'u-	      	x_1 is angry at x_2 for x_3
fenki	gismu   	-fek-		      	x_1 (person, nu) is crazy
fenra	gismu   	-fer-   	-fe'a-	      	x_1 is a crack in x_2
fenso	gismu   	-fen-   	-fe'o-	      	x_1 sews or stitches x_2 together with tool x_3 using filament x_4
fepni	gismu   	-fep-   	-fei-	      	x_1 is measured in money subunits as quantity x_2 in monetary system x_3
fepri	gismu			      	x_1 is the lung of x_2
ferti	gismu   	-fre-		      	x_1 is fertile for growing x_2
festi	gismu   	-fes-		      	x_1 is waste from x_2
fetsi	gismu   	-fet-   	-fe'i-	      	x_1 is a female of species x_2 with feminine traits x_3
figre	gismu   	-fig-		      	x_1 is a fig of species x_2
filso	gismu   	-fis-		      	x_1 is Palestinian in aspect x_2
finpe	gismu   	-fip-   	-fi'e-	      	x_1 is a fish of species x_2
finti	gismu   	-fin-   	-fi'i-	      	x_1 invents or creates x_2 for purpose x_3 from existing ideas x_4
firca	experimental gismu			      	x_1 flirts with x_2 by doing x_3
flalu	gismu   	-fla-		      	x_1 is a law specifying x_2 for community x_3 under conditions x_4 by lawgiver x_5
flani	gismu			      	x_1 is a flute, fife, or recorder
flecu	gismu   	-fle-		      	x_1 is a current in x_2 flowing towards x_3 from x_4
fliba	gismu   	-fli-		      	x_1 fails at doing x_2
flira	gismu   	-fir-		      	x_1 is the face of x_2
foldi	gismu   	-flo-   	-foi-	      	x_1 is a field of material x_2
fonmo	gismu   	-fom-   	-fo'o-	      	x_1 is a quantity of  foam or froth of material x_2 with bubbles of x_3
fonxa	gismu   	-fon-		      	x_1 is a phone or modem in network x_2
forca	gismu   	-fro-		      	x_1 is a fork for x_2 with tines x_3 on base x_4
fraso	gismu   	-fas-		      	x_1 is French in aspect x_2
frati	gismu   	-fra-		      	x_1 responds or reacts with action x_2 to x_3
fraxu	gismu   	-fax-		      	x_1 forgives x_2 for x_3
frica	gismu   	-fic-		      	x_1 differs from x_2 in x_3
friko	gismu   	-fi'o-		      	x_1 is African in aspect x_2
frili	gismu   	-fil-		      	x_1 is easy for x_2
frinu	gismu			      	x_1 is a fraction of x_2 divided by x_3
friti	gismu   	-fit-		      	x_1 offers x_2 to x_3 with conditions x_4
frumu	gismu   	-fru-		      	x_1 frowns
fukpi	gismu   	-fuk-   	-fu'i-	      	x_1 is a copy of x_2 in form x_3 made by method x_4
fulta	gismu   	-ful-   	-flu-	      	x_1 floats in or on x_2
funca	gismu   	-fun-   	-fu'a-	      	x_1 is determined by the fortune of x_2
fusra	gismu   	-fur-		      	x_1 rots or decays with agent x_2
fuzme	gismu   	-fuz-   	-fu'e-	      	x_1 is responsible for x_2 to authority x_3
gacri	gismu   	-gai-		      	x_1 is a lid for covering x_2
gadri	gismu   	-gad-		      	x_1 is an article labelling x_2 in language x_3 with semantics x_4
galfi	gismu   	-gaf-   	-ga'i-	      	x_1 modifies or changes x_2 into x_3
galtu	gismu   	-gal-   	-ga'u-	      	x_1 is high in reference frame x_2 compared with x_3
galxe	gismu			      	x_1 is a throat of x_2
ganlo	gismu   	-ga'o-		      	x_1 is closed, preventing access to x_2 by x_3
ganra	gismu   	-gan-		      	x_1 is broad or wide in dimension x_2
ganse	gismu   	-gas-   	-ga'e-	      	x_1 detects or senses x_2 by means x_3
ganti	gismu			      	x_1 is a gonad, ovary, or equivalent of x_2 of gender x_3
ganxo	gismu   	-gax-		      	x_1 is the anus of x_2
ganzu	gismu   	-gaz-		      	x_1 organizes x_2 into x_3 by system x_4
gapci	gismu   	-gac-		      	x_1 is a gas of x_2
gapru	gismu   	-gap-		      	x_1 is directly above x_2 in reference frame x_3
garna	gismu   	-gar-		      	x_1 is a rail or bar supporting or restraining x_2 of material x_3
gasnu	gismu   	-gau-		      	x_1 causes x_2 to happen
gaspo	experimental gismu			      	x_1 pertains to gua\\spi language/culture in aspect x_2
gasta	gismu   	-gat-		      	x_1 is a quantity of steel of composition x_2
genja	gismu   	-gej-		      	x_1 is a root of x_2
gento	gismu   	-get-   	-ge'o-	      	x_1 is Argentinian in aspect x_2
genxu	gismu   	-gex-		      	x_1 is a hook of material x_2
gerku	gismu   	-ger-   	-ge'u-	      	x_1 is a dog of species x_2
gerna	gismu   	-gen-   	-ge'a-	      	x_1 is the grammar of language x_2 for text x_3
gidva	gismu   	-gid-   	-gi'a-	      	x_1 guides or leads x_2 in x_3
gigdo	gismu   	-gig-   	-gi'o-	      	x_1 is a billion or 10 to the ninth of x_2 in dimension or aspect x_3
ginka	gismu   	-gik-		      	x_1 is a camp of x_2 at x_3
girzu	gismu   	-gir-   	-gri-	      	x_1 is a group with common property x_2 due to set x_3 linked by relations x_4
gismu	gismu   	-gim-   	-gi'u-	      	x_1 is a root word showing relation x_2 among argument roles x_3 with affix x_4
glare	gismu   	-gla-		      	x_1 is hot
gleki	gismu   	-gek-   	-gei-	      	x_1 is happy about x_2 (nu)
gletu	gismu   	-let-   	-gle-	      	x_1 copulates or mates with x_2
glico	gismu   	-gic-   	-gli-	      	x_1 is English in aspect x_2
gluta	gismu   	-glu-		      	x_1 is a glove or mitten of material x_2
gocti	gismu   	-goc-		      	x_1 is 10 to the negative twenty-fourth of x_2 in dimension or aspect x_3
gotro	gismu   	-got-		      	x_1 is 10 to the twenty-fourth of x_2 in dimension or aspect x_3
gradu	gismu   	-rau-		      	x_1 is a unit on scale x_2 measuring property x_3
grake	gismu   	-gra-		      	x_1 is x_2 grams
grana	gismu   	-ga'a-		      	x_1 is a rod or pole of material x_2
grasu	gismu   	-ras-		      	x_1 is a quantity of grease from source x_2
greku	gismu   	-rek-		      	x_1 is a frame or structure supporting x_2
grusi	gismu   	-rus-		      	x_1 is gray
grute	gismu   	-rut-		      	x_1 is a fruit of species x_2
gubni	gismu   	-gub-		      	x_1 is public to community x_2
gugde	gismu   	-gug-   	-gu'e-	      	x_1 is the country of x_2 with territory x_3
gumri	experimental gismu			      	x_1Â is a mushroom of species x_2.
gundi	gismu   	-gud-		      	x_1 is industry producing x_2 by process or means x_3
gunka	gismu   	-gun-   	-gu'a-	      	x_1 works on x_2 with goal x_3
gunma	gismu   	-gum-		      	x_1 is a an aggregate or mass of components x_2
gunro	gismu   	-gur-   	-gu'o-	      	x_1 rolls on x_2 rotating on axis or axle x_3
gunse	gismu			      	x_1 is a goose of species x_2
gunta	gismu   	-gut-		      	x_1 attacks x_2 with goal x_3
gurni	gismu   	-gru-		      	x_1 is grain from plant x_2
guska	gismu   	-guk-		      	x_1 abrades x_2 from x_3
gusni	gismu   	-gus-   	-gu'i-	      	x_1 lights x_2 from source x_3
gusta	gismu			      	x_1 is a restaurant serving x_2 to x_3
gutci	gismu   	-guc-		      	x_1 is x_2 non-metric short distance units in standard x_3 with subunits x_4
gutra	gismu			      	x_1 is the womb of x_2
guzme	gismu   	-guz-   	-zme-	      	x_1 is a melon of species x_2
jabre	gismu			      	x_1 brakes or slows x_2 with mechanism x_3
jadni	gismu   	-jad-   	-ja'i-	      	x_1 adorns or decorates x_2
jakne	gismu			      	x_1 is a rocket propelled by x_2 carrying x_3
jalge	gismu   	-jag-   	-ja'e-	      	x_1 is the result or outcome of x_2
jalna	gismu			      	x_1 is a quantity of starch from x_2 of composition x_3
jalra	gismu			      	x_1 is a cockroach of species x_2
jamfu	gismu   	-jaf-   	-jma-	      	x_1 is a foot of x_2
jamna	gismu   	-jam-		      	x_1 wars against x_2 over x_3
janbe	gismu   	-jab-		      	x_1 is a bell or chime producing sound x_2
janco	gismu   	-jan-		      	x_1 is a joint attaching limb x_2 to x_3
janli	gismu   	-jal-		      	x_1 collides with or crashes into x_2
jansu	gismu   	-jas-		      	x_1 is a diplomat representing x_2 in negotiation x_3 for purpose x_4
janta	gismu   	-jat-		      	x_1 is a bill for x_2 billed to x_3 by x_4
jarbu	gismu			      	x_1 is a suburban area of x_2
jarco	gismu   	-ja'o-		      	x_1 demonstrates or shows x_2 to x_3
jarki	gismu   	-jak-		      	x_1 is narrow in dimension x_2
jaspu	gismu   	-jap-		      	x_1 is a passport issued to x_2 by x_3 allowing x_4
jatna	gismu   	-ja'a-		      	x_1 is a commander or leader of x_2
javni	gismu   	-jva-		      	x_1 is a rule mandating x_2 within system x_3
jbama	gismu   	-bam-		      	x_1 is a bomb with explosive x_2
jbari	gismu   	-jba-		      	x_1 is a berry of plant x_2
jbena	gismu   	-jbe-		      	x_1 is born to x_2 at time x_3 and place x_4
jbera	gismu   	-jer-		      	x_1 borrows x_2 from x_3 for interval x_4
jbini	gismu   	-bin-   	-bi'i-	      	x_1 is between x_2 in property x_3
jdari	gismu   	-jar-		      	x_1 is firm or resistant to force x_2 under conditions x_3
jdice	gismu   	-jdi-		      	x_1 makes decision x_2 about x_3
jdika	gismu			      	x_1 decreases in x_2 by amount x_3
jdima	gismu   	-di'a-		      	x_1 is the price of x_2 to x_3 set by x_4
jdini	gismu   	-din-   	-di'i-	      	x_1 is money issued by x_2
jduli	gismu   	-dul-   	-jdu-	      	x_1 is a quantity of jelly of material x_2
jecta	gismu   	-jec-   	-je'a-	      	x_1 is a polity or state governing x_2
jeftu	gismu   	-jef-		      	x_1 is x_2 weeks long
jegvo	gismu   	-jeg-   	-je'o-	      	x_1 is Judean, Christian, or Moslem in aspect x_2
jelca	gismu   	-jel-		      	x_1 burns at temperature x_2 in atmosphere x_3
jemna	gismu   	-jme-		      	x_1 is a gem of type x_2 and material x_3
jenca	gismu   	-jen-		      	x_1 shocks or stuns x_2
jendu	gismu   	-jed-		      	x_1 is an axle on which x_2 rotates, of material x_3
jenmi	gismu   	-jem-   	-jei-	      	x_1 is an army serving x_2 in function x_3
jerna	gismu			      	x_1 earns salary or pay x_2 for work x_3
jersi	gismu   	-je'i-		      	x_1 chases x_2
jerxo	gismu   	-jex-		      	x_1 is Algerian in aspect x_2
jesni	gismu   	-jes-		      	x_1 is a needle of material x_2
jetce	gismu   	-je'e-		      	x_1 is a jet of material x_2 expelled from x_3
jetnu	gismu   	-jet-   	-je'u-	      	x_1 is true by standard x_2
jgalu	gismu   	-ja'u-		      	x_1 is a claw of x_2
jganu	gismu   	-jga-		      	x_1 is an angle from vertex x_2 subtended by lateral x_3
jgari	gismu   	-jai-		      	x_1 holds or clutches x_2 using x_3 at location x_4
jgena	gismu   	-jge-		      	x_1 is a knot in x_2
jgina	gismu   	-gin-		      	x_1 is a gene of x_2 determining trait x_3
jgira	gismu   	-jgi-		      	x_1 feels pride in x_2
jgita	gismu   	-git-		      	x_1 is a stringed musical instrument with plectrum or bow x_2
jibni	gismu   	-jbi-		      	x_1 is near or close to x_2 in property x_3
jibri	gismu   	-jib-		      	x_1 is a job of person x_2
jicla	gismu			      	x_1 stirs fluid x_2
jicmu	gismu   	-cmu-		      	x_1 is a basis of x_2
jijnu	gismu   	-jij-		      	x_1 intuits x_2 about subject x_3
jikca	gismu   	-jik-		      	x_1 interacts socially with x_2
jikni	experimental gismu			      	x_1 consists of the economic system of sector components x_2
jikru	gismu			      	x_1 is a quantity of liquor distilled from x_2
jilka	gismu   	-jil-		      	x_1 is a quantity of alkali of composition x_2
jilra	gismu			      	x_1 is envious or jealous of x_2 about x_3
jimca	gismu   	-jic-		      	x_1 is a branch of x_2
jimpe	gismu   	-jmi-		      	x_1 understands x_2 about x_3
jimte	gismu   	-jit-		      	x_1 is a limit or border of x_2 in property x_3
jinci	gismu			      	x_1 are shears or scissors for cutting x_2
jinga	gismu   	-jig-   	-ji'a-	      	x_1 wins prize x_2 from x_3 in competition x_4
jinku	gismu			      	x_1 is a vaccine protecting x_2 against x_3 introduced by method x_4
jinme	gismu   	-jim-		      	x_1 is a quantity of metal of composition x_2
jinru	gismu   	-jir-		      	x_1 is immersed or submerged in liquid x_2
jinsa	gismu   	-jis-		      	x_1 is clean of material x_2
jinto	gismu			      	x_1 is a well or spring of fluid x_2 at location x_3
jinvi	gismu   	-jiv-   	-ji'i-	      	x_1 opines or thinks that x_2 is true about x_3 because x_4
jinzi	gismu   	-jiz-		      	x_1 is an innate or natural property of x_2
jipci	gismu			      	x_1 is a chicken of species x_2
jipno	gismu   	-jip-   	-ji'o-	      	x_1 is a tip or point on object x_2 at location x_3
jirna	gismu			      	x_1 is a horn of x_2
jisra	gismu			      	x_1 is a quantity of juice from x_2
jitfa	gismu   	-jif-		      	x_1 is false by standard or epistemology x_2
jitro	gismu   	-tro-		      	x_1 has control over x_2 in x_3
jivbu	gismu			      	x_1 weaves x_2 from material x_3
jivna	gismu   	-jvi-		      	x_1 competes with x_2 in contest x_3 for gain x_4
jmaji	gismu   	-jaj-		      	x_1 gathers at location x_2 from locations x_3
jmifa	gismu			      	x_1 is a shoal or reef of material x_2 in body of water x_3
jmina	gismu   	-min-		      	x_1 combines or adds x_2 to x_3 with result x_4
jmive	gismu   	-miv-   	-ji'e-	      	x_1 is alive in that it does x_2 (ka)
jordo	gismu   	-jor-   	-jo'o-	      	x_1 is Jordanian in aspect x_2
jorne	gismu   	-jon-   	-jo'e-	      	x_1 is joined to x_2 at location x_3
jubme	gismu   	-jub-   	-jbu-	      	x_1 is a table made of x_2 with support x_3
judri	gismu			      	x_1 is an address of x_2 in system x_3
jufra	gismu   	-juf-   	-ju'a-	      	x_1 is a sentence or statement about x_2 in language x_3
jukni	gismu   	-juk-		      	x_1 is a spider of species x_2
jukpa	gismu   	-jup-		      	x_1 cooks or prepares food x_2 by recipe x_3
julne	gismu   	-ju'e-		      	x_1 is a filter passing x_2 and prohibiting x_3 with netting properties x_4
jundi	gismu   	-jud-   	-ju'i-	      	x_1 pays attention to x_2
jungo	gismu   	-jug-		      	x_1 is Chinese in aspect x_2
junla	gismu   	-jul-		      	x_1 is a timer or  clock measuring time units x_2 to precision x_3 with method x_4
junri	gismu   	-jur-		      	x_1 is earnest or serious about x_2
junta	gismu			      	x_1 is the weight of x_2 in field x_3
jurme	gismu   	-jum-		      	x_1 is a bacteria or germ of species x_2
jursa	gismu   	-jus-		      	x_1 is harsh or severe to x_2
jutsi	gismu   	-jut-		      	x_1 is a species of genus x_2, family x_3, etc.
juxre	gismu   	-jux-		      	x_1 (nu) is clumsy
jvinu	gismu   	-vin-   	-ji'u-	      	x_1 is a view of x_2 from point of view x_3
kabri	gismu			      	x_1 is a cup or mug containing x_2 made of x_3
kacma	gismu			      	x_1 is a camera recording illumination type x_2 images to medium x_3
kadno	gismu			      	x_1 is Canadian in aspect x_2
kafke	gismu			      	x_1 coughs or burps gas x_2 from orifice x_3
kagni	gismu   	-kag-		      	x_1 is a company or corporation chartered by authority x_2 for purpose x_3
kajde	gismu   	-jde-		      	x_1 warns x_2 of danger x_3
kajna	gismu			      	x_1 is a shelf or counter on x_2 for purpose x_3
kakne	gismu   	-ka'e-		      	x_1 is capable of doing x_2
kakpa	gismu			      	x_1 digs x_2 out of x_3 with x_4
kalci	gismu			      	x_1 is excrement or feces of x_2
kalri	gismu   	-kar-		      	x_1 is open, giving access to x_2 of x_3
kalsa	gismu   	-kas-		      	x_1 is chaotic in x_2
kalte	gismu   	-kat-		      	x_1 hunts prey x_2 for purpose x_3
kamju	gismu			      	x_1 is a column of material x_2
kamni	gismu			      	x_1 is a committee with task x_2 of body x_3
kampu	gismu   	-kau-		      	x_1 is common among x_2
kamro	experimental gismu			      	x_1 reflects Welsh language/culture in aspect x_2
kanba	gismu			      	x_1 is a goat of species x_2
kancu	gismu   	-kac-		      	x_1 counts the number in set x_2 to be x_3 by units x_4
kandi	gismu   	-kad-		      	x_1 is dim or non-intense in property x_2 received by x_3
kanji	gismu   	-kaj-		      	x_1 calculates x_2 from data x_3 by process x_4
kanla	gismu   	-kal-		      	x_1 is an eye of x_2
kanpe	experimental gismu			      	x_1 expects event x_2 with likelihood x_3 (value from 0 to 1, default is {li} {so'a} i.e. near 1)
kanro	gismu   	-ka'o-		      	x_1 is healthy or well by standard x_2
kansa	gismu   	-kan-		      	x_1 accompanies x_2 in x_3
kantu	gismu   	-ka'u-		      	x_1 is a quantum particle of property x_2
kanxe	gismu   	-kax-		      	x_1 is a conjunction stating that x_2 and x_3 are both true
karbi	gismu   	-kab-		      	x_1 compares x_2 with x_3 in property x_4 determining comparison x_5
karce	gismu			      	x_1 is a car or other vehicle for carrying x_2 propelled by x_3
karda	gismu			      	x_1 is a card of material x_2 and shape x_3
kargu	gismu			      	x_1 is expensive to x_2
karli	gismu			      	x_1 is a collar or band surrounding x_2 of material x_3
karni	gismu			      	x_1 is a journal or magazine with content x_2 published by x_3 for audience x_4
katna	gismu   	-ka'a-		      	x_1 cuts x_2 into pieces x_3
kavbu	gismu   	-kav-		      	x_1 captures x_2 with trap x_3
kecti	gismu   	-kec-   	-ke'i-	      	x_1 feels sorry for x_2 about x_3
kelci	gismu   	-kel-   	-kei-	      	x_1 plays with toy x_2
kelvo	gismu   	-ke'o-		      	x_1 is x_2 degrees Kelvin
kenra	gismu   	-ken-		      	x_1 is a cancer in x_2
kensa	gismu   	-kes-		      	x_1 is outer space near x_2
kerfa	gismu   	-kre-		      	x_1 is hair of x_2 at x_3
kerlo	gismu   	-ker-		      	x_1 is an ear of x_2
ketco	gismu   	-ket-   	-tco-	      	x_1 is South American in aspect x_2
kevna	gismu   	-kev-   	-ke'a-	      	x_1 is a cavity or hole in x_2
kibro	experimental gismu			      	x_1 pertains to the internet in aspect x_2.
kicne	gismu   	-kic-   	-ki'e-	      	x_1 cushions x_2 with material x_3
kijno	gismu   	-kij-		      	x_1 is a quantity of oxygen
kilto	gismu   	-ki'o-		      	x_1 is a thousand of x_2 in dimension x_3
kinda	experimental gismu			      	x_1 is kinda like x_2 in property x_3
kinli	gismu   	-kil-		      	x_1 is sharp at location x_2
kisto	gismu   	-kis-		      	x_1 is Pakistani in aspect x_2
klaji	gismu   	-laj-		      	x_1 is a street or alley at x_2 accessing x_3
klaku	gismu   	-kak-		      	x_1 weeps or cries tears x_2 for reason x_3
klama	gismu   	-kla-		      	x_1 goes to x_2 from x_3 via x_4 using means x_5
klani	gismu   	-lai-		      	x_1 is a quantity measured by x_2 on scale x_3
klesi	gismu   	-kle-   	-lei-	      	x_1 is a subset or class of x_2 defined by property x_3
klina	gismu   	-kli-		      	x_1 is transparent or clear to x_2
kliru	gismu			      	x_1 is a quantity of halogen of type x_2
kliti	gismu   	-kit-		      	x_1 is a quantity of clay made of x_2
klupe	gismu   	-lup-   	-lu'e-	      	x_1 is a screw for purpose x_2 with threads x_3 and frame x_4
kluza	gismu   	-luz-		      	x_1 is loose on x_2 at location x_3
kobli	gismu   	-kob-   	-ko'i-	      	x_1 is a cabbage or lettuce of species x_3
kojna	gismu   	-koj-   	-ko'a-	      	x_1 is a corner in x_2 of material x_3
kokso	experimental gismu			      	x_1 is a coconut of variety/cultivar x_2
kolme	gismu   	-kol-   	-ko'e-	      	x_1 is a quantity of coal from source x_2
komcu	gismu   	-kom-		      	x_1 is a comb of material x_2 with tines x_3
konju	gismu   	-kon-   	-ko'u-	      	x_1 is a cone of material x_2 with vertex x_3
korbi	gismu   	-kor-   	-koi-	      	x_1 is an edge or border between x_2 and x_3
korcu	gismu   	-kro-		      	x_1 is bent or crooked
korka	gismu   	-kok-		      	x_1 is a quantity of cork from tree x_2
kosta	gismu   	-kos-		      	x_1 is a jacket or sweater of material x_2
krali	experimental gismu			      	x_1 (ka) is a legal/moral entitlement of individuals x_2 by standard x_3.
kramu	gismu			      	x_1 is x_2 non-metric area units in standard x_3 with subunits x_4
krasi	gismu   	-kra-		      	x_1 is an origin or source of x_2
krati	gismu   	-ka'i-		      	x_1 represents x_2 in function x_3
krefu	gismu   	-ref-   	-ke'u-	      	x_1 is a recurrence of x_2 happening for the x_3:th time
krici	gismu   	-kri-		      	x_1 believes x_2 is true about x_3
krili	gismu			      	x_1 is quantity of crystal of composition x_2 in arrangement x_3
krinu	gismu   	-rin-   	-ki'u-	      	x_1 is a justification or reason for x_2
krixa	gismu   	-kix-   	-ki'a-	      	x_1 yells or cries out x_2
kruca	gismu   	-kuc-		      	x_1 intersects x_2 at location x_3
kruji	gismu   	-ruj-		      	x_1 is a quantity of cream of composition x_2
kruvi	gismu   	-ruv-   	-kru-	      	x_1 is a curve or bend in x_2 at location x_3 defined by x_4
kubli	gismu   	-kub-		      	x_1 is a cube of dimensions x_2 and sides x_3
kucli	gismu			      	x_1 is curious about x_2
kufra	gismu   	-kuf-		      	x_1 is comfortable with x_2
kukte	gismu   	-kuk-		      	x_1 is tasty or delicious to x_2
kulnu	gismu   	-klu-		      	x_1 is culture of x_2
kumfa	gismu   	-kum-   	-ku'a-	      	x_1 is a room in x_2 surrounded by x_3
kumte	gismu			      	x_1 is a camel or llama of species x_2
kunra	gismu   	-kun-		      	x_1 is mineral or ore of x_2 mined from x_3
kunti	gismu   	-kut-		      	x_1 is empty of x_2
kurfa	gismu   	-kur-		      	x_1 is a right-angle with vertices x_2 and dimensions x_3
kurji	gismu   	-kuj-   	-ku'i-	      	x_1 takes care of x_2
kurki	gismu			      	x_1 is bitter or acrid to x_2
kuspe	gismu   	-kup-   	-ku'e-	      	x_1 extends or reaches over x_2
kusru	gismu   	-kus-		      	x_1 is cruel to x_2
labno	gismu			      	x_1 is a wolf of species x_2
lacni	experimental gismu			      	x_1 is an eyewear/glasses used by x_2 serving purpose x_3
lacpu	gismu   	-lap-   	-cpu-	      	x_1 pulls or drags x_2 by handle x_3
lacri	gismu   	-lac-		      	x_1 relies on or trusts x_2 to do x_3
ladru	gismu   	-lad-		      	x_1 is a quantity of milk from x_2
lafti	gismu   	-laf-		      	x_1 lifts x_2 at location x_3 in gravity well x_4
lakne	gismu   	-la'e-		      	x_1 is probable, likely
lakse	gismu   	-lak-		      	x_1 is a quantity of wax from x_2
laldo	experimental gismu			      	x_1 is old, aged in that it has x_2 (ka)
lalxu	gismu   	-la'u-		      	x_1 is a lake or pool at site x_2
lamji	gismu   	-lam-   	-la'i-	      	x_1 is adjacent or next to x_2 in property x_3 in direction x_4
lanbi	gismu			      	x_1 is a quantity of protein of type x_2 composed of amino acids x_3
lanci	gismu			      	x_1 is a flag or banner symbolizing x_2 with pattern x_3 on material x_4
lanka	gismu			      	x_1 is a basket containing x_2 made of x_3
lanli	gismu   	-lal-		      	x_1 analyzes x_2 by method x_3
lanme	gismu   	-lan-		      	x_1 is a sheep of species x_2 and flock x_3
lante	gismu			      	x_1 is a can for x_2 made of x_3
lanxe	gismu   	-lax-		      	x_1 is in balance under forces x_2
lanzu	gismu   	-laz-		      	x_1 is a family including x_2 bonded by standard x_3
larcu	gismu   	-lar-		      	x_1 is an art of craft or skill x_2
lasna	gismu   	-la'a-		      	x_1 fastens or binds x_2 to x_3 with x_4
lastu	gismu			      	x_1 is a quantity of brass of composition x_2
latmo	gismu   	-la'o-		      	x_1 is Latin in aspect x_2
latna	gismu			      	x_1 is a lotus of species x_2 symbolizing x_3 to culture x_4
lazni	gismu			      	x_1 is lazy concerning action x_2
lebna	gismu   	-leb-   	-le'a-	      	x_1 takes or seizes x_2 from x_3
lelxe	experimental gismu			      	x_1 is a lily of species/strain x_2
lenjo	gismu   	-len-   	-le'o-	      	x_1 is a lens focusing x_2 to focus x_3 by means x_4
lenku	gismu   	-lek-		      	x_1 is cold
lerci	gismu   	-lec-		      	x_1 is late by standard x_2
lerfu	gismu   	-ler-   	-le'u-	      	x_1 is a symbol in alphabet x_2 representing x_3
libjo	gismu   	-lib-		      	x_1 is Libyan in aspect x_2
lidne	gismu   	-li'e-		      	x_1 precedes x_2 in sequence x_3
lifri	gismu   	-lif-   	-fri-	      	x_1 experiences x_2
lijda	gismu   	-jda-		      	x_1 is a religion of believers x_2 sharing beliefs x_3
limna	gismu   	-lim-		      	x_1 swims in x_2
lindi	gismu   	-lid-		      	x_1 is lighting at x_2 from x_3
linji	gismu   	-lij-   	-li'i-	      	x_1 is a line defined by points x_2
linsi	gismu   	-lin-		      	x_1 is a length of chain of material x_2 with link properties x_3
linto	gismu   	-li'o-		      	x_1 is lightweight
lisri	gismu   	-lis-		      	x_1 is a story about x_2 told by x_3 to x_4
liste	gismu   	-ste-		      	x_1 is a list of x_2 in order x_3 in medium x_4
litce	gismu   	-lic-		      	x_1 is x_2 litres
litki	gismu   	-lik-		      	x_1 is liquid of material x_2
litru	gismu   	-li'u-		      	x_1 travels via route x_2 using means x_3
livga	gismu			      	x_1 is a liver of x_2
livla	gismu   	-lil-		      	x_1 is a fuel for powering x_2
logji	gismu   	-loj-		      	x_1 is a logic for reasoning about x_2	Only for logical implications. In colloquial speech "logical" often means {racli} - 'sane'.
loglo	experimental gismu			      	x_1 pertains to Loglan language/culture in aspect x_2
lojbo	gismu   	-lob-   	-jbo-	      	x_1 is Lojbanic in aspect x_2
loldi	gismu   	-lol-   	-loi-	      	x_1 is a floor or ground of x_2
lorxu	gismu   	-lor-   	-lo'u-	      	x_1 is a fox of species x_2
lubno	gismu   	-lu'o-		      	x_1 is Lebanese in aspect x_2
lujvo	gismu   	-luv-   	-jvo-	      	x_1 is a compound word meaning x_2 with arguments x_3 from phrase x_4
lumci	gismu   	-lum-   	-lu'i-	      	x_1 washes x_2 of contaminant x_3 with x_4
lunbe	gismu   	-lub-		      	x_1 is naked or bare
lunra	gismu   	-lur-		      	x_1 is a moon or major natural satellite of planet x_2
lunsa	gismu   	-lus-		      	x_1 condenses on x_2 at temperature x_3 and pressure x_4
mabla	gismu   	-mal-		      	x_1 is shitty, awful, low-quality in property x_2 by standard x_3	Bloody (British sense), fucking, shit, goddamn. See also {zabna}, {xlali}, {palci}, {dapma}
mabru	gismu   	-mab-		      	x_1 is mammal of species x_2
macnu	gismu   	-cnu-		      	x_1 is manual in function x_2
makcu	gismu   	-ma'u-		      	x_1 is mature in quality x_2
makfa	gismu   	-maf-		      	x_1 is magic or supernatural to x_2 performed by x_3
maksi	gismu   	-mak-		      	x_1 is magnetic producing field x_2
malsi	gismu   	-mas-		      	x_1 is a church or temple of religion x_2 at location x_3
mamta	gismu   	-mam-		      	x_1 is a mother of x_2
manci	gismu   	-mac-		      	x_1 feels awe or wonder about x_2
manfo	gismu			      	x_1 is uniform in property x_2
mango	experimental gismu			      	x_1 is a mango fruit of variety x_2.
manku	gismu   	-man-		      	x_1 is dark
manri	gismu   	-mar-		      	x_1 is a standard for observing x_2 with rules x_3
mansa	gismu			      	x_1 satisfies x_2 in property x_3
manti	gismu			      	x_1 is an ant of species x_2
mapku	gismu   	-map-		      	x_1 is a hat, helmet, or other headgear of material x_2
mapni	gismu			      	x_1 is a quantity of cotton
mapti	gismu   	-mat-		      	x_1 is compatible with or matches x_2 by standard x_3
marbi	gismu   	-mra-		      	x_1 is a shelter for x_2 against threat x_3
marce	gismu   	-ma'e-		      	x_1 is a vehicle carrying x_2 in or on x_3 propelled by x_4
marde	gismu   	-mad-		      	x_1 are the ethices of x_2 about situation x_3
margu	gismu   	-mag-		      	x_1 is a quantity of mercury
marji	gismu   	-maj-   	-mai-	      	x_1 is material of type x_2 in shape x_3
marna	gismu			      	x_1 is a quantity of hemp of species x_2
marxa	gismu   	-max-		      	x_1 crushes or smashes x_2 into x_3
masno	gismu   	-sno-		      	x_1 is slow at doing x_2
masti	gismu   	-ma'i-		      	x_1 is x_2 months long
matci	gismu			      	x_1 is a mat or pad of material x_2
matli	gismu			      	x_1 is a quantity of linen
matne	gismu			      	x_1 is a quantity of butter from x_2
matra	gismu			      	x_1 is an engine driving x_2
mavji	gismu   	-mav-		      	x_1 is a quantity of oats of species x_2
maxri	gismu   	-xri-		      	x_1 is a quantity of wheat of species x_2
mebri	gismu   	-meb-		      	x_1 is a brow or forehead of x_2
megdo	gismu   	-meg-		      	x_1 is a million of x_2 in dimension or aspect x_3
mekso	gismu   	-mek-   	-me'o-	      	x_1 is a mathematical expression under rules x_2
melbi	gismu   	-mel-   	-mle-	      	x_1 is beautiful to x_2 in aspect x_3 by standard x_4
meljo	gismu   	-mej-		      	x_1 is Malaysian in aspect x_2
menli	gismu   	-men-		      	x_1 is a mind of body x_2
mensi	gismu   	-mes-   	-me'i-	      	x_1 is a sister of x_2 by bond x_3
mentu	gismu   	-met-   	-me'u-	      	x_1 is x_2 minutes long
merko	gismu   	-mer-		      	x_1 is U.S.American in aspect x_2
merli	gismu   	-mre-		      	x_1 measures x_2 as x_3 units on scale x_4 with accuracy x_5
mexno	gismu   	-mex-		      	x_1 is Mexican in aspect x_2
midju	gismu   	-mij-		      	x_1 is at the middle of x_2
mifra	gismu   	-mif-		      	x_1 is an encryption of x_2 made using cipher x_3
mikce	gismu   	-mic-		      	x_1 cures or treats x_2 for ailment x_3 with x_4
mikri	gismu   	-mik-		      	x_1 is a millionth of x_2 in dimension x_3
milti	gismu   	-mil-		      	x_1 is a thousandth of x_2 in dimension x_3
milxe	gismu   	-mli-		      	x_1 is mild in property x_2
minde	gismu   	-mid-   	-mi'e-	      	x_1 commands or orders x_2 to x_3
minji	gismu   	-mi'i-		      	x_1 is a machine for x_2
minli	gismu			      	x_1 is x_2 non-metric long distance units with subunits x_3 in standard x_4
minra	gismu   	-mir-		      	x_1 reflects or echoes x_2 to observer x_3 as x_4
mintu	gismu   	-mit-   	-mi'u-	      	x_1 is identical to x_2 by standard x_3
mipri	gismu   	-mip-		      	x_1 keeps x_2 hidden from x_3 by method x_4
mirli	gismu			      	x_1 is a deer of species x_3
misno	gismu   	-mis-   	-mi'o-	      	x_1 is famous among x_2
misro	gismu			      	x_1 is Egyptian in aspect x_2
mitre	gismu   	-tre-		      	x_1 is x_2 meters in direction x_3
mixre	gismu   	-mix-   	-xre-	      	x_1 is a mixture including x_2
mlana	gismu   	-mla-		      	x_1 is aside x_2, facing x_3, in reference frame x_4
mlatu	gismu   	-lat-		      	x_1 is a cat of species x_2
mleca	gismu   	-mec-   	-me'a-	      	x_1 is less than x_2 in property x_3 by amount x_4
mledi	gismu   	-led-		      	x_1 is a mould or fungus of species x_2 growing on x_3
mluni	gismu   	-lun-		      	x_1 is a satellite orbiting x_2 with characteristics x_3 and orbital parameters x_4
mokca	gismu   	-moc-		      	x_1 is an instant at time or place x_2
moklu	gismu   	-mol-   	-mo'u-	      	x_1 is a mouth of x_2
molki	gismu   	-mlo-		      	x_1 is an industrial plant or mill performing x_2
molro	gismu   	-mo'o-		      	x_1 is x_2 moles
morji	gismu   	-moj-   	-mo'i-	      	x_1 remembers x_2 about subject x_3
morko	gismu   	-mor-		      	x_1 is Moroccan in aspect x_2
morna	gismu   	-mon-   	-mo'a-	      	x_1 is a pattern of x_2 arranged according to x_3
morsi	gismu   	-mro-		      	x_1 is dead
mosra	gismu   	-mos-		      	x_1 is friction due to rubbing between x_2 and x_3
mraji	gismu			      	x_1 is a quantity of rye of species x_2
mrilu	gismu   	-mri-		      	x_1 mails or posts x_2 to x_3 from x_4 by x_5
mruli	gismu   	-mru-		      	x_1 is a hammer for x_2 with head x_3 propelled by x_4
mucti	gismu   	-mut-		      	x_1 is immaterial or not physical
mudri	gismu   	-mud-		      	x_1 is a quantity of wood of type x_2
mukti	gismu   	-muk-   	-mu'i-	      	x_1 is a motive for the event x_2 caused by x_3
mulno	gismu   	-mul-   	-mu'o-	      	x_1 is complete in property x_2 (ka)
munje	gismu   	-muj-   	-mu'e-	      	x_1 is a universe of x_2 defined by x_3
mupli	gismu   	-mup-		      	x_1 is an example of common property x_2 of set x_3
murse	gismu			      	x_1 is the twilight, dawn, or dusk of day x_2 at location x_3
murta	gismu   	-mur-   	-mu'a-	      	x_1 is a curtain for covering x_2 made of x_3
muslo	gismu   	-mus-		      	x_1 is Islamic or Moslem in aspect x_2
mutce	gismu   	-tce-		      	x_1 is extreme in x_2 towards extreme x_3
muvdu	gismu   	-muv-   	-mu'u-	      	x_1 moves to x_2 from x_3 over route x_4
muzga	gismu   	-muz-		      	x_1 is a museum for preserving x_2 at location x_3
nabmi	gismu   	-nam-		      	x_1 is a problem to x_2 in situation x_3
nakni	gismu   	-nak-		      	x_1 is a male of species x_2 with masculine traits x_3
nalci	gismu   	-na'i-		      	x_1 is a wing of x_2
namcu	gismu   	-nac-   	-na'u-	      	x_1 is a number or value
nanba	gismu   	-nab-		      	x_1 is a quantity of bread from grains x_2
nanca	gismu   	-na'a-		      	x_1 is x_2 years long
nandu	gismu   	-nad-		      	x_1 is difficult or challenging for x_2
nanla	gismu			      	x_1 is a boy of age x_2 immature by standard x_3
nanmu	gismu   	-nau-		      	x_1 is a man
nanvi	gismu   	-nav-		      	x_1 is a billionth or 10 to the negative ninth of x_2 in dimension or aspect x_3
narge	gismu   	-nag-		      	x_1 is a nut from plant x_2 with shell x_3 and core x_4
narju	gismu   	-naj-		      	x_1 is orange
natfe	gismu   	-naf-   	-na'e-	      	x_1 contradicts or denies x_2 under logic x_3
natmi	gismu   	-nat-   	-nai-	      	x_1 is nation or ethnic group of people x_2
navni	gismu			      	x_1 is a quantity of inert gas of type x_2
naxle	gismu   	-nax-   	-xle-	      	x_1 is a channel or canal to x_2 from x_3 with route x_4
nazbi	gismu   	-naz-   	-zbi-	      	x_1 is the nose of x_2 with nostrils x_3
nejni	gismu   	-nen-		      	x_1 is energy of type x_2 in form x_3
nelci	gismu   	-nel-   	-nei-	      	x_1 likes x_2
nenri	gismu   	-ner-   	-ne'i-	      	x_1 is inside x_2
nibli	gismu   	-nib-   	-ni'i-	      	x_1 implies x_2 under rules x_3
nicte	gismu   	-cte-		      	x_1 is a nighttime of day x_2 at location x_3
nikle	gismu   	-nik-		      	x_1 is a quantity of nickel
nilce	gismu   	-ni'e-		      	x_1 is furniture at x_2 for purpose x_3
nimre	gismu			      	x_1 is a quantity of citrus of species x_2
ninmu	gismu   	-nim-   	-ni'u-	      	x_1 is a woman
nirna	gismu   	-nir-		      	x_1 is a nerve or neuron of x_2
nitcu	gismu   	-tcu-		      	x_1 needs x_2 for x_3
nivji	gismu   	-niv-		      	x_1 knits x_2 from yarn x_3
nixli	gismu   	-nix-   	-xli-	      	x_1 is a girl of age x_2 immature by standard x_3
nobli	gismu   	-nol-   	-no'i-	      	x_1 is noble by standard x_2
norgo	experimental gismu			      	x_1 reflects Norwegian culture/nationality in aspect x_2
notci	gismu   	-not-   	-noi-	      	x_1 is a message about x_2 from author x_3 to x_4
nukni	gismu   	-nuk-		      	x_1 is magenta
nupre	gismu   	-nup-   	-nu'e-	      	x_1 promises or threatens to do x_2 to x_3
nurma	gismu   	-num-		      	x_1 is a rural area of x_2
nusna	experimental gismu			      	x_1 induces x_2 about x_3 from specific facts x_4
nutli	gismu   	-nul-   	-nu'i-	      	x_1 is neutral in matter x_2
nuzba	gismu   	-nuz-		      	x_1 is news about x_2 from x_3 to x_4
nuzlo	experimental gismu			      	x_1 reflects New Zealand culture/nationality/geography in aspect x_2.
pacna	gismu   	-pa'a-		      	x_1 hopes for x_2 with likelihood x_3
pagbu	gismu   	-pag-   	-pau-	      	x_1 is a part or piece of x_2
pagre	gismu   	-gre-		      	x_1 penetrates barrier x_2 to x_3 from x_4
pajni	gismu   	-pai-		      	x_1 judges matter x_2
palci	gismu   	-pac-		      	x_1 is wicked or evil by standard x_2
palku	gismu   	-pak-		      	x_1 are pants or trousers of material x_2
palma	experimental gismu			      	x_1 is a palm tree of species x_2
palne	gismu			      	x_1 is a tray or platter with contents x_2, made of material x_3
palpi	experimental gismu			      	x_1 touch-feels/palpates surface x_2
palta	gismu			      	x_1 is a plate or saucer made of material x_2
pambe	gismu			      	x_1 is a pump inserting fluid x_2 to x_3 from x_4 by means x_5
pamga	experimental gismu			      	x_1 is a papaya (fruit) of variety x_2
panci	gismu   	-pan-		      	x_1 is an smell or fragrance emitted by x_2 detected by x_3
pandi	gismu   	-pad-		      	x_1 punctuates x_2 with symbol or word x_3 with effect x_4
panje	gismu			      	x_1 is a quantity of sponge
panka	gismu			      	x_1 is a park or preserve managed by x_2 for purpose x_3
panlo	gismu   	-pa'o-		      	x_1 is a slice of x_2
panpi	gismu   	-pap-		      	x_1 is at peace with x_2
panra	gismu			      	x_1 parallels x_2 differing only in x_3
pante	gismu   	-pat-		      	x_1 protests or complains about x_2 to x_3 with action x_4
panzi	gismu   	-paz-		      	x_1 is a child of x_2
papri	gismu			      	x_1 is a page of book or document x_2
parbi	gismu   	-pab-		      	x_1 is a ratio of x_2 with respect to quantity x_3
parji	experimental gismu			      	x_1 is a parasite of x_2.
pastu	gismu   	-pas-		      	x_1 is a robe or gown of material x_2
patfu	gismu   	-paf-   	-pa'u-	      	x_1 is a father of x_2
patlu	gismu			      	x_1 is a potato of species x_2
patxu	gismu   	-pax-		      	x_1 is a pot or sink for contents x_2 of material x_3
pelji	gismu   	-ple-		      	x_1 is paper from source x_2
pelxu	gismu   	-pel-		      	x_1 is yellow
pemci	gismu   	-pem-		      	x_1 is a poem about x_2 by x_3 for x_4
penbi	gismu   	-peb-		      	x_1 is a pen using ink x_2 applied by process x_3
pencu	gismu   	-pec-   	-pe'u-	      	x_1 touches x_2 with x_3 at x_4
pendo	gismu   	-ped-   	-pe'o-	      	x_1 is a friend to x_2
penmi	gismu   	-pen-   	-pe'i-	      	x_1 encounters or meets x_2 at x_3
pensi	gismu   	-pes-   	-pei-	      	x_1 considers or ponders x_2
perli	gismu   	-per-		      	x_1 is a pear of species x_2
pesxu	gismu   	-pex-		      	x_1 is paste or dough of composition x_2
petso	gismu   	-pet-		      	x_1 is 10 to the fifteenth of x_2 in dimension or aspect x_3
pezli	gismu   	-pez-		      	x_1 is a leaf of plant x_2
picti	gismu   	-pic-		      	x_1 is 10 to the negative twelfth of x_2 in dimension x_3
pijne	gismu			      	x_1 is a pin for piercing x_2 of material x_3
pikci	gismu			      	x_1 pleads or begs x_2 for x_3
pikta	gismu			      	x_1 is a ticket entitling x_2 to x_3
pilda	experimental gismu			      	x_1 is pale
pilji	gismu   	-pi'i-		      	x_1 is the product of x_2 multiplied by x_3
pilka	gismu   	-pil-   	-pi'a-	      	x_1 is a crust or skin of x_2
pilno	gismu   	-pli-		      	x_1 uses x_2 for purpose x_3
pimlu	gismu   	-pim-   	-pi'u-	      	x_1 is a feather of x_2
pinca	gismu			      	x_1 is urine of x_2
pindi	gismu   	-pid-		      	x_1 is poor or lacking in x_2
pinfu	gismu   	-pif-		      	x_1 is a prisoner of x_2 restrained by x_3
pinji	gismu			      	x_1 is a clitoris or penis of x_2
pinka	gismu   	-pik-		      	x_1 is a comment about x_2 made by x_3 to x_4
pinsi	gismu   	-pis-		      	x_1 is a pencil or crayon with marking material x_2 supported by x_3
pinta	gismu   	-pin-		      	x_1 is flat or horizontal in frame of reference x_2
pinxe	gismu   	-pix-		      	x_1 drinks x_2 out of x_3
pipno	gismu   	-pi'o-		      	x_1 is a piano or other keyboard musical instrument
pixra	gismu   	-pir-   	-xra-	      	x_1 is a picture of x_2 made by x_3 in medium x_4
plana	gismu			      	x_1 is fat or obese by standard x_2
platu	gismu   	-pla-		      	x_1 plans x_2 for x_3
pleji	gismu   	-lej-   	-le'i-	      	x_1 pays x_2 to x_3 for x_4
plibu	gismu   	-pib-		      	x_1 is the pubic area of x_2
plini	gismu			      	x_1 is a planet around x_2 with characteristics x_3 and orbital parameters x_4
plipe	gismu   	-pip-   	-pi'e-	      	x_1 jumps to x_2 from x_3 reaching height x_4 propelled by x_5
plise	gismu			      	x_1 is an apple of species x_2
plita	gismu   	-pit-		      	x_1 is a plane defined by points x_2
plixa	gismu   	-lix-		      	x_1 plows x_2 with tool x_3 propelled by x_4
pluja	gismu   	-luj-		      	x_1 is complex in x_2 (ka)
pluka	gismu   	-puk-   	-pu'a-	      	x_1 pleases x_2
pluta	gismu   	-lut-   	-lu'a-	      	x_1 is a route to x_2 from x_3 via points x_4
pocli	experimental gismu			      	x_1 poses derided, vulgar, commonplace, banal qualities according to x_2 in aspect x_3	See {tartrpocli} for a non-experimental synonym.
polje	gismu   	-plo-		      	x_1 folds x_2 at location x_3
polno	gismu   	-pol-		      	x_1 is Polynesian in aspect x_2
ponjo	gismu   	-pon-   	-po'o-	      	x_1 is Japanese in aspect x_2
ponse	gismu   	-pos-   	-po'e-	      	x_1 possesses or owns x_2 under law x_3
porpi	gismu   	-pop-   	-po'i-	      	x_1 breaks or shatters into pieces x_2
porsi	gismu   	-por-   	-poi-	      	x_1 is ordered by rules x_2 on unordered set x_3
porto	gismu   	-pot-		      	x_1 is Portuguese in aspect x_2
prali	gismu   	-pal-		      	x_1 is a profit or benefit to x_2 resulting from x_3
prami	gismu   	-pam-   	-pa'i-	      	x_1 loves x_2
prane	gismu   	-pa'e-		      	x_1 is perfect or ideal in x_2
preja	gismu   	-pej-   	-pe'a-	      	x_1 spreads over x_2 from initial state x_3
prenu	gismu   	-pre-		      	x_1 is a person
preti	gismu   	-ret-   	-rei-	      	x_1 is a question about x_2 asked by x_3 to x_4
prije	gismu   	-pij-		      	x_1 is wise about matter x_2 to observer x_3
prina	gismu   	-pri-		      	x_1 is a print on x_2 using x_3
pritu	gismu			      	x_1 is to the right of x_2 in frame of reference x_3
prosa	gismu   	-ros-   	-ro'a-	      	x_1 is prose about x_2 by x_3 for audience x_4
pruce	gismu   	-ruc-   	-ru'e-	      	x_1 is a process with input x_2 and output x_3 via stages x_4
pruni	gismu   	-pun-		      	x_1 is elastic
pruxi	gismu   	-rux-   	-ru'i-	      	x_1 is ghostly or spiritual
pulce	gismu   	-puc-   	-pu'e-	      	x_1 is dust from x_2 in or on x_3
pulji	gismu			      	x_1 is a police officer enforcing x_2
pulni	gismu			      	x_1 is a pulley used for x_2 rotating on x_3
punji	gismu   	-puj-   	-pu'i-	      	x_1 places or puts x_2 at x_3
punli	gismu   	-pul-		      	x_1 is a swelling on x_2 of material x_3
purci	gismu   	-pur-   	-pru-	      	x_1 is earlier than or in the past of x_2
purdi	gismu   	-pud-		      	x_1 is a garden or field tended by x_2 growing x_3
purmo	gismu   	-pum-   	-pu'o-	      	x_1 is a quantity of powder of x_2
racli	gismu			      	x_1 is rational or sane by standard x_2	"Logical" in colloquial sense often means {racli}.
ractu	gismu			      	x_1 is a rabbit of species x_2
radno	gismu   	-ra'o-		      	x_1 is x_2 radians
rafsi	gismu   	-raf-		      	x_1 is an affix for word x_2 with form x_3 in language x_4
ragve	gismu   	-rav-		      	x_1 is across boundary x_2 from x_3
rakso	gismu			      	x_1 is Iraqi in aspect x_2
raktu	gismu   	-ra'u-		      	x_1 disturbs person x_2 causing problems x_3
ralci	gismu   	-rac-		      	x_1 is fragile in property x_2
ralju	gismu   	-ral-		      	x_1 is principal or chief among x_2 in property x_3
ralte	gismu   	-ra'e-		      	x_1 keeps or retains x_2
randa	gismu   	-rad-		      	x_1 surrenders or yields to x_2
rango	gismu   	-rag-		      	x_1 is a bodily organ of x_2 performing function x_3
ranji	gismu   	-ra'i-		      	x_1 persists or continues over interval x_2
ranmi	gismu   	-ram-		      	x_1 is a myth about x_3 in mythos x_3 of culture x_4
ransu	gismu			      	x_1 is a quantity of bronze of composition x_2
ranti	gismu   	-ran-		      	x_1 is soft to force x_2
ranxi	gismu   	-rax-		      	x_1 is ironic or contrary to expectation x_2 in aspect x_3
rapli	gismu   	-rap-		      	x_1 repeats x_2 times
rarna	gismu   	-rar-		      	x_1 is spontaneous or natural
ratcu	gismu			      	x_1 is a rat of species x_2
ratni	gismu   	-rat-		      	x_1 is an atom of element x_2 of isotope number x_3
rebla	gismu   	-reb-		      	x_1 is a tail of x_2
rectu	gismu   	-rec-   	-re'u-	      	x_1 is a quantity of meat from x_2
remna	gismu   	-rem-   	-re'a-	      	x_1 is a human
renro	gismu   	-rer-   	-re'o-	      	x_1 throws or launches x_2 to or at x_3
renvi	gismu   	-rev-   	-re'i-	      	x_1 survives or endures x_2 for duration x_3
respa	gismu   	-res-		      	x_1 is a reptile of species x_2
ricfu	gismu   	-rif-   	-cfu-	      	x_1 is rich in x_2
rigni	gismu   	-rig-		      	x_1 is disgusting to x_2
rijno	gismu   	-rij-		      	x_1 is a quantity of silver
rilti	gismu   	-ril-		      	x_1 is a rhythm or beat of music x_2
rimni	gismu   	-rim-		      	x_1 rhymes with x_2 in language x_3 with correspondence x_4
rinci	gismu			      	x_1 drains or flushes from x_2 through drain x_3 by force x_4
rindo	experimental gismu			      	x_1 is Native American/Indian in aspect x_2
rinju	gismu   	-ri'u-		      	x_1 is restrained by x_2 against x_3
rinka	gismu   	-rik-   	-ri'a-	      	x_1 causes effect x_2
rinsa	gismu			      	x_1 welcomes or greets x_2 in manner x_3	See also {friti} for welcome and hospitality, {coi}, {co'o}
rirci	gismu			      	x_1 is rare or unusual in property x_2 among x_3
rirni	gismu   	-rir-		      	x_1 is a parent of x_2
rirxe	gismu   	-ri'e-		      	x_1 is a river of land mass x_2 draining watershed x_3 into x_4
rismi	gismu   	-ris-		      	x_1 is a quantity of rice of species x_2
risna	gismu			      	x_1 is a heart of x_2
ritli	gismu   	-ri'i-		      	x_1 is a ceremony or rite for purpose x_2 by custom x_3 with rules x_4
rivbi	gismu   	-riv-		      	x_1 avoids or escapes event x_2 through action x_3
rokci	gismu   	-rok-   	-ro'i-	      	x_1 is a quantity of rock of composition x_2 from location x_3
romge	gismu   	-rog-		      	x_1 is a highly reflective metallic surface of metal x_2
romlo	experimental gismu			      	x_1 reflects Romani/Romany/gypsy culture/nationality/language in aspect x_2
ropno	gismu   	-ron-   	-ro'o-	      	x_1 is European in aspect x_2
rorci	gismu   	-ror-		      	x_1 procreates x_2 with coparent x_3
rotsu	gismu   	-rot-   	-tsu-   	-ro'u-      	x_1 is thick in dimension x_2
rozgu	gismu   	-roz-   	-zgu-	      	x_1 a rose of species x_2
ruble	gismu   	-rub-   	-ble-	      	x_1 is weak or frail in x_2 (ka)
rufsu	gismu   	-ruf-		      	x_1 is rough in texture
runme	gismu   	-rum-		      	x_1 melts at temperature x_2 and pressure x_3
runta	gismu			      	x_1 dissolves in x_2 making solution x_3
rupnu	gismu   	-rup-   	-ru'u-	      	x_1 is measured in major money units as quantity x_2 in monetary system x_3
rusko	gismu   	-ruk-   	-ru'o-	      	x_1 is Russian in aspect x_2
rutni	gismu   	-run-		      	x_1 is artificially made by people x_2
sabji	gismu   	-sab-		      	x_1 provides x_2 to x_3
sabnu	gismu			      	x_1 is a cabin of vehicle x_2
sacki	gismu			      	x_1 is a match made of x_2
saclu	gismu			      	x_1 is the decimal equivalent of fraction x_2 in base x_3
sadjo	gismu   	-djo-		      	x_1 is Saudi Arabian in aspect x_2
sakci	gismu   	-sak-		      	x_1 sucks x_2 into x_3
sakli	gismu   	-sal-		      	x_1 slides or glides on x_2
sakta	gismu   	-sat-		      	x_1 is a quantity of sugar from source x_2 of composition x_3
salci	gismu   	-sla-		      	x_1 celebrates x_2 with activity x_3
salpo	gismu   	-sa'o-		      	x_1 is sloped or slanted with angle x_2 to frame x_3
salta	gismu			      	x_1 is a quantity of salad with ingredients x_2
samcu	gismu			      	x_1 is a cassava or yam of species x_2
sampu	gismu   	-sap-		      	x_1 is simple in property x_2
sance	gismu   	-sna-		      	x_1 is sound produced by x_2
sanga	gismu   	-sag-   	-sa'a-	      	x_1 sings x_2 to x_3
sanji	gismu   	-saj-		      	x_1 is aware or conscious of x_2
sanli	gismu   	-sa'i-		      	x_1 stands on x_2 using x_3
sanmi	gismu   	-sai-		      	x_1 is a meal including x_2
sanso	gismu			      	x_1 is a sauce or gravy for use with x_2 containing x_3
santa	gismu			      	x_1 is an umbrella shielding x_2 from x_3, made of x_4 supported by x_5
sarcu	gismu   	-sa'u-		      	x_1 is necessary for x_2 to continue under conditions x_3
sarji	gismu   	-sra-		      	x_1 supports or holds up x_2 against x_3 by means x_4
sarlu	gismu			      	x_1 is a spiral or helix with limits x_2 and dimensionality x_3
sarni	experimental gismu			      	x_1 is a triangle/tetrahedron defined by set of corners/vertices x_2, sides/dimensions x_3
sarxe	gismu   	-sax-		      	x_1 is harmonious or in agreement with x_2 in property x_3
saske	gismu   	-ske-		      	x_1 is science about x_2 based on methodology x_3
satci	gismu			      	x_1 is exact to precision x_2 in property x_2
satre	gismu   	-sa'e-		      	x_1 strokes x_2 with x_3
savru	gismu   	-sav-   	-vru-	      	x_1 is a noise to x_2 perceived with x_3
sazri	gismu   	-saz-		      	x_1 operates machine x_2 with goal x_3
sefta	gismu   	-sfe-		      	x_1 is a surface of object x_2 on side x_3 with edges x_4
selci	gismu   	-sle-		      	x_1 is a cell or atom of x_2
selfu	gismu   	-sef-   	-se'u-	      	x_1 serves x_2 with service x_3
semto	gismu   	-sme-		      	x_1 is Semitic in aspect x_2
senci	gismu   	-sec-		      	x_1 sneezes
senpi	gismu   	-sen-		      	x_1 doubts that x_2 is true
senta	gismu   	-set-		      	x_1 is a layer of x_2 within structure x_3
senva	gismu   	-sev-   	-sne-	      	x_1 dreams about x_2
sepli	gismu   	-sep-   	-sei-	      	x_1 is separate from x_2, separated by x_3
serti	gismu   	-ser-		      	x_1 are stairs for climbing x_2 with steps x_3
sesre	experimental gismu			      	x_1 reflects USSR (Soviet Union)/Soviet culture/Soviet nationality in aspect x_2
setca	gismu   	-se'a-		      	x_1 inserts or puts x_2 into x_3
sevzi	gismu   	-sez-   	-se'i-	      	x_1 is an ego or self of x_2
sfani	gismu			      	x_1 is a fly of species x_2
sfasa	gismu   	-sfa-		      	x_1 punishes x_2 for x_3 with punishment x_4
sfofa	gismu   	-sfo-		      	x_1 is a sofa
sfubu	gismu   	-sub-   	-su'u-	      	x_1 dives or swoops to x_2 from x_3
siclu	gismu   	-sil-		      	x_1 whistles sound x_2
sicni	gismu   	-si'i-		      	x_1 is a coin issued by x_2 with value x_3 made of x_4
sidbo	gismu   	-sib-   	-si'o-	      	x_1 is an idea about x_2 by thinker x_3
sidju	gismu   	-dju-		      	x_1 helps x_2 do x_3
sigja	gismu   	-sig-		      	x_1 is a cigar or cigarette made of x_2 by x_3
silka	gismu   	-sik-		      	x_1 is a quantity of silk produced by x_2
silna	gismu			      	x_1 is a quantity of salt from x_2 made of x_3
simlu	gismu   	-mlu-		      	x_1 seems to have property x_2 to x_3
simsa	gismu   	-smi-		      	x_1 is similar to x_2 in property or quantity x_3
simxu	gismu   	-sim-   	-si'u-	      	x_1 mutually do x_2
since	gismu			      	x_1 is a snake of species x_2
sinma	gismu   	-si'a-		      	x_1 respects or venerates x_2
sinso	gismu			      	x_1 is the trigonometric sine of angle x_2
sinxa	gismu   	-sni-		      	x_1 is a sign meaning x_2 to x_3
sipna	gismu   	-sip-		      	x_1 is asleep
sirji	gismu   	-sir-		      	x_1 is straight or direct between x_2 and x_3
sirxo	gismu   	-six-		      	x_1 is Syrian in aspect x_2
sisku	gismu   	-sis-		      	x_1 searches for property x_2 among x_3
sisti	gismu   	-sti-		      	x_1 ceases or stops x_2
sitna	gismu   	-sit-		      	x_1 quotes or cites source x_2 for statement x_3
sivni	gismu   	-siv-		      	x_1 is private or personal to x_2
skaci	gismu			      	x_1 is a skirt of material x_2
skami	gismu   	-sam-		      	x_1 is a computer for purpose x_2
skapi	gismu   	-kap-		      	x_1 is a skin or pelt from x_2
skari	gismu   	-ska-		      	x_1 is of color x_2 as perceived by x_3
skicu	gismu   	-ski-		      	x_1 describes x_2 to x_3 with description x_4
skiji	gismu   	-sij-		      	x_1 is a skate or ski for surface x_2 supporting x_3
skina	gismu   	-kin-		      	x_1 is a movie about x_2 by film maker x_3 for x_4
skori	gismu   	-sko-		      	x_1 is rope or cable of material x_2
skoto	gismu   	-kot-   	-ko'o-	      	x_1 is Scottish in aspect x_2
skuro	gismu   	-ku'o-		      	x_1 is a groove or trench in x_2
slabu	gismu   	-sau-		      	x_1 is familiar to x_2 in feature x_3 (ka)
slaka	gismu			      	x_1 is a syllable in language x_2
slami	gismu			      	x_1 is a quantity of acid of composition x_2
slanu	gismu			      	x_1 is a cylinder of material x_2
slari	gismu   	-sar-		      	x_1 is sour to x_2
slasi	gismu   	-las-		      	x_1 is a quantity of plastic of type x_2
sligu	gismu   	-lig-		      	x_1 is solid of material x_2
slilu	gismu   	-sli-		      	x_1 oscillates at frequency x_2 through states x_3
sliri	gismu			      	x_1 is a quantity of sulfur
slovo	gismu   	-lov-   	-lo'o-	      	x_1 is Slavic in aspect x_2
sluji	gismu   	-slu-		      	x_1 is a muscle controlling x_2 of body x_3
sluni	gismu			      	x_1 is an onion of species x_2
smacu	gismu			      	x_1 is a mouse of species x_2
smadi	gismu			      	x_1 guesses x_2 is true about x_3
smaji	gismu   	-sma-		      	x_1 is quiet at observation point x_2 by standard x_3
smaka	experimental gismu			      	x_1 feels the taste x_2
smani	gismu			      	x_1 is a monkey or ape of species x_2
smela	experimental gismu			      	x_1 is a plum/peach/cherry/apricot/almond/sloe fruit of species/variety x_2
smoka	gismu   	-smo-		      	x_1 is a sock of material x_2
smuci	gismu   	-muc-		      	x_1 is a spoon or scoop for use x_2 made of x_3
smuni	gismu   	-mun-   	-smu-	      	x_1 is a meaning of x_2 accepted by x_3
snada	gismu   	-sad-		      	x_1 succeeds at x_2 because of effort x_3
snanu	gismu   	-nan-		      	x_1 is to the south of x_2 in frame of reference x_3
snidu	gismu   	-nid-		      	x_1 is x_2 seconds long
snime	gismu   	-si'e-		      	x_1 is a quantity of snow
snipa	gismu   	-nip-		      	x_1 sticks or adheres to x_2
snuji	gismu   	-nuj-		      	x_1 is a sandwich of x_2 sandwiched between x_3
snura	gismu   	-nur-   	-nu'a-	      	x_1 is safe from threat x_2
snuti	gismu   	-nut-		      	x_1 is an accident caused by x_2
sobde	gismu   	-sob-   	-so'e-	      	x_1 is a quantity of soya of species x_2
sodna	gismu			      	x_1 is a quantity of alkali metal of type x_2
sodva	gismu   	-sod-		      	x_1 is a quantity of soda of flavor x_2
softo	gismu   	-sof-		      	x_1 is Soviet in aspect x_2
solji	gismu   	-slo-		      	x_1 is a quantity of gold
solri	gismu   	-sol-		      	x_1 is the sun of home planet x_2 of race x_3
sombo	gismu   	-som-   	-so'o-	      	x_1 sows x_2 in x_3
sonci	gismu   	-son-   	-soi-	      	x_1 is a soldier of army x_2
sorcu	gismu   	-soc-   	-sro-	      	x_1 is a stockpile or deposit of x_2 in containment x_3
sorgu	gismu   	-sog-		      	x_1 is sorghum of species x_2
sorta	experimental gismu			      	x_1 sorta is/does x_2 (ka), under conditions x_3	See also: {kinda}
sovda	gismu   	-sov-   	-so'a-	      	x_1 is an egg from organism x_2
spaji	gismu   	-paj-		      	x_1 surprises x_2
spali	gismu			      	x_1 polishes x_2 with polish x_3 using tool x_4
spano	gismu   	-san-		      	x_1 is Spanish in aspect x_2
spati	gismu   	-spa-		      	x_1 is a plant of species x_2
speni	gismu   	-spe-		      	x_1 is married to x_2 under custom x_3
spero	experimental gismu			      	x_1 pertains to Esperanto language/culture in aspect x_2
spisa	gismu   	-spi-		      	x_1 is a portion or piece of x_2
spita	gismu			      	x_1 is a hospital treating patient x_2 for condition x_3
spofu	gismu   	-pof-   	-po'u-	      	x_1 is broken in function x_2
spoja	gismu   	-poj-   	-po'a-	      	x_1 explodes or bursts into pieces x_2
spuda	gismu   	-spu-		      	x_1 responds or answers to x_2 with response x_3
sputu	gismu   	-put-   	-pu'u-	      	x_1 spits liquid x_2 from x_3 onto x_4
sraji	gismu   	-raj-		      	x_1 is vertical in reference frame x_2
sraku	gismu   	-rak-		      	x_1 scratches x_2
sralo	gismu			      	x_1 is Australian in aspect x_2
srana	gismu   	-ra'a-		      	x_1 is relevant to x_2
srasu	gismu   	-sas-		      	x_1 is grass of species x_2
srera	gismu   	-sre-		      	x_1 errs in doing x_2 (ka)
srito	gismu			      	x_1 is Sanskrit in aspect x_2
sruma	gismu   	-ru'a-		      	x_1 assumes that x_2 is true about x_3
sruri	gismu   	-rur-   	-sru-	      	x_1 encloses or surrounds x_2 in direction x_3
stace	gismu   	-sac-		      	x_1 is honest to x_2 about x_3
stagi	gismu			      	x_1 is the vegetable or edible portion x_2 of plant x_3
staku	gismu   	-tak-		      	x_1 is a quantity of ceramic made by x_2 of composition x_3 in form x_4
stali	gismu   	-sta-		      	x_1 stays or remains at x_2
stani	gismu			      	x_1 is a stem or trunk of plant x_2
stapa	gismu   	-tap-		      	x_1 steps on surface x_2 using limbs x_3
stasu	gismu			      	x_1 is a quantity of soup with ingredients x_2
stati	gismu			      	x_1 has talent for doing x_2
steba	gismu   	-seb-		      	x_1 feels frustration about x_2
steci	gismu   	-tec-   	-te'i-	      	x_1 is specific or particular to member x_2 among set x_3
stedu	gismu   	-sed-		      	x_1 is a head of x_2
stela	gismu   	-tel-		      	x_1 is a lock for sealing x_2, with mechanism x_3
stero	gismu   	-te'o-		      	x_1 is x_2 steradians
stici	gismu   	-sic-		      	x_1 is to the west of x_2 in frame of reference x_3
stidi	gismu   	-sid-   	-ti'i-	      	x_1 suggests x_2 to x_3
stika	gismu   	-tik-		      	x_1 adjusts x_2 in degree x_3
stizu	gismu   	-tiz-		      	x_1 is a bench or chair
stodi	gismu   	-sto-		      	x_1 is constant or unchanging in property x_2
stuna	gismu   	-sun-		      	x_1 is to the east of x_2 in frame of reference x_3
stura	gismu   	-tur-   	-su'a-	      	x_1 is a structure or arrangement of x_2
stuzi	gismu   	-tuz-   	-stu-	      	x_1 is an inherent site of x_2
sucta	gismu   	-suc-		      	x_1 is abstracted from x_2 by rules x_3
sudga	gismu   	-sud-		      	x_1 is dry of liquid x_2
sufsi	experimental gismu			      	x_1 is enough in x_2 (ka/ni) for purpose x_3 (nu) to take place	Sufficient, enough. See {dukse}
sufti	gismu   	-sfu-		      	x_1 is a hoof of x_2
suksa	gismu   	-suk-		      	x_1 is sudden at stage x_2 in process x_3
sumji	gismu   	-suj-		      	x_1 is the sum of x_2 plus x_3
sumne	gismu			      	x_1 smells x_2
sumti	gismu   	-sum-   	-su'i-	      	x_1 is an argument of predicate x_2 filling place x_3
sunga	gismu   	-sug-		      	x_1 is a quantity of garlic of species x_2
sunla	gismu   	-sul-		      	x_1 is a quantity of wool from x_2
surla	gismu   	-sur-		      	x_1 relaxes by doing x_2
sutra	gismu   	-sut-		      	x_1 is fast or quick at doing x_2
tabno	gismu   	-tab-		      	x_1 is a quantity of carbon
tabra	gismu			      	x_1 is a horn
tadji	gismu			      	x_1 is a method for doing x_2
tadni	gismu   	-tad-		      	x_1 is a student of x_2
tagji	gismu   	-tag-		      	x_1 is tight on x_2 in dimension x_3 at location x_4
taksi	experimental gismu			      	x_1 is a taxi
talsa	gismu   	-tal-		      	x_1 challenges x_2 at x_3
tamca	gismu			      	x_1 is a tomato of species x_2
tamji	gismu   	-taj-		      	x_1 is a thumb or big toe on limb x_2 of x_3
tamne	gismu			      	x_1 is a cousin to x_2 by bond x_3
tanbo	gismu   	-ta'o-		      	x_1 is a board or plank of material x_2
tance	gismu   	-tac-		      	x_1 is a tongue of x_2
tanjo	gismu			      	x_1 it a tangent of angle x_2
tanko	gismu			      	x_1 is a quantity of tobacco of species x_2
tanru	gismu   	-tau-		      	x_1 is a binary metaphor formed with x_2 modifying x_3, meaning x_4 in usage x_5
tansi	gismu   	-tas-		      	x_1 is a pan or basin for contents x_2 of material x_3
tanxe	gismu   	-tax-   	-ta'e-	      	x_1 is a box or crate for contents x_2 made of material x_3
tapla	gismu			      	x_1 is a tile of material x_2, shape x_3, and thickness x_4
tarbi	gismu			      	x_1 is an embryo with mother x_2 and father x_3
tarci	gismu   	-tar-		      	x_1 is a star with properties x_2
tarla	gismu			      	x_1 is a quantity of tar from source x_2
tarmi	gismu   	-tam-   	-tai-	      	x_1 is the shape of x_2
tarti	gismu   	-tra-		      	x_1 behaves oneself in manner x_2
taske	gismu			      	x_1 thirsts for x_2
tasmi	experimental gismu			      	x_1 is the way or manner in which event x_2 happens
tasta	experimental gismu			      	x_1 is a taste of x_2
tatpi	gismu   	-ta'i-		      	x_1 is tired because of x_2
tatru	gismu   	-tat-		      	x_1 is a breast of x_2
tavla	gismu   	-tav-   	-ta'a-	      	x_1 talks to x_2 about x_3 in language x_4
taxfu	gismu   	-taf-   	-ta'u-	      	x_1 is a garment worn by x_2 serving purpose x_3
tcaci	gismu   	-cac-		      	x_1 is a custom or habit of x_2
tcadu	gismu   	-tca-		      	x_1 is a city or town of area x_2 in political unit x_3 serving region x_4
tcana	gismu			      	x_1 is a station of network x_2
tcati	gismu			      	x_1 is a quantity of tea brewed from x_2
tcena	gismu   	-ten-		      	x_1 stretches to range x_2 in dimension x_3 from range x_4
tcica	gismu   	-tic-		      	x_1 tricks or misleads x_2 into x_3
tcidu	gismu   	-tid-		      	x_1 reads x_2 from x_3
tcika	gismu			      	x_1 is the time of x_2 happening on day x_3 at x_4
tcila	gismu   	-til-		      	x_1 is a detail or feature of x_2
tcima	gismu   	-tim-   	-ti'a-	      	x_1 is weather at x_2
tcini	gismu			      	x_1 is a situation of x_2
tcita	gismu			      	x_1 is a label or tag of x_2 showing x_3
temci	gismu   	-tem-   	-tei-	      	x_1 is the elapsed time from x_2 to x_3
tenfa	gismu   	-tef-		      	x_1 is the exponential result of x_2 to the power of x_3
tengu	gismu   	-teg-   	-te'u-	      	x_1 is a texture of x_2
terdi	gismu   	-ted-		      	x_1 is the home planet of x_2
terpa	gismu   	-tep-   	-te'a-	      	x_1 fears x_2
terto	gismu   	-tet-		      	x_1 is a trillion of x_2 in dimension or aspect x_3
tigni	gismu   	-tig-		      	x_1 performs for audience x_2
tikpa	gismu   	-tip-		      	x_1 kicks x_2 at location x_3 using foot x_4
tilju	gismu   	-tij-		      	x_1 is heavy or massive by standard x_2
tinbe	gismu   	-tib-		      	x_1 obeys rule x_2 made by x_3
tinci	gismu			      	x_1 is a quantity of tin
tinsa	gismu			      	x_1 is stiff in direction x_2 against force x_3
tirna	gismu   	-tin-		      	x_1 hears x_2
tirse	gismu   	-tir-		      	x_1 is a quantity of iron
tirxu	gismu			      	x_1 is a tiger of species x_2 with coat markings x_3
tisna	gismu   	-tis-		      	x_1 fills with material x_2
titla	gismu   	-tit-		      	x_1 is sweet or sugary to x_2
tivni	gismu   	-tiv-		      	x_1 broadcasts x_2 via medium x_3 to receiver x_4
tixnu	gismu   	-tix-   	-ti'u-	      	x_1 is a daughter of x_2
toknu	gismu   	-tok-		      	x_1 is an oven for heating x_2
toldi	gismu   	-tod-		      	x_1 is a butterfly or moth of species x_2
tonga	gismu   	-tog-   	-to'a-	      	x_1 is a tone of pitch x_2 from x_3
tordu	gismu   	-tor-   	-to'u-	      	x_1 is short in dimension x_2 by measurement standard x_3
torni	gismu   	-ton-   	-to'i-	      	x_1 twists under force x_2
traji	gismu   	-rai-		      	x_1 is superlative in property x_2 among x_3	x4 place is the same as x3 place. See also {mutce}
trano	gismu			      	x_1 is a quantity of nitrogen
trati	gismu			      	x_1 is taut in direction x_2
trene	gismu   	-ren-   	-re'e-	      	x_1 is a train of cars x_2 for system x_3 propelled by x_4
tricu	gismu   	-ric-		      	x_1 is a tree of species x_2
trina	gismu   	-tri-		      	x_1 appeals to x_2 with property x_3
trixe	gismu   	-rix-   	-ti'e-	      	x_1 is behind x_2 in frame of reference x_3
troci	gismu   	-toc-   	-toi-	      	x_1 tries to do x_2 using method x_3
tsali	gismu   	-tsa-		      	x_1 is strong in property x_2 (ka)
tsani	gismu   	-tan-		      	x_1 is the sky of x_2
tsapi	gismu			      	x_1 is a spice or seasoning causing flavor x_2
tsiju	gismu   	-tsi-		      	x_1 is a seed of organism x_2 for producing offspring x_3
tsina	gismu   	-sin-		      	x_1 is a platform or stage at x_2 supporting x_3 made of material x_4
tubnu	gismu   	-tu'u-		      	x_1 is tubing of material x_2 hollow of material x_3
tugni	gismu   	-tug-   	-tu'i-	      	x_1 agrees with x_2 that x_3 is true about x_4
tujli	gismu   	-tuj-		      	x_1 is a tulip of species x_2
tumla	gismu   	-tum-   	-tu'a-	      	x_1 is terrain at x_2
tunba	gismu   	-tub-		      	x_1 is a sibling of x_2 by bond x_3
tunka	gismu   	-tuk-		      	x_1 is a quantity of copper
tunlo	gismu   	-tul-   	-tu'o-	      	x_1 swallows
tunta	gismu   	-tun-		      	x_1 pokes or prods x_2
tuple	gismu   	-tup-   	-tu'e-	      	x_1 is a leg of x_2
turko	experimental gismu			      	x_1 reflects Turkish culture/nationality/language in aspect x_2
turni	gismu   	-tru-		      	x_1 governs x_2
tutci	gismu   	-tci-		      	x_1 is a tool used for x_2
tutra	gismu   	-tut-		      	x_1 is territory controlled by x_2
vacri	gismu   	-var-		      	x_1 is a quantity of air of planet x_2 composed of x_3
vajni	gismu   	-vaj-   	-vai-	      	x_1 is important to x_2 because of reason x_3
valsi	gismu   	-val-   	-vla-	      	x_1 is a word meaning x_2 in language x_3
vamji	gismu   	-vam-   	-va'i-	      	x_1 is the value of x_2 to x_3 for use x_4
vamtu	gismu   	-vat-		      	x_1 vomits x_2
vanbi	gismu   	-vab-		      	x_1 is part of environment x_2
vanci	gismu   	-vac-		      	x_1 is an evening of day x_2 at x_3
vanju	gismu   	-van-		      	x_1 is a quantity of wine from grapes x_2
vasru	gismu   	-vas-   	-vau-	      	x_1 is a container or vessel containing x_2
vasxu	gismu   	-vax-   	-va'u-	      	x_1 breathes x_2
vecnu	gismu   	-ven-   	-ve'u-	      	x_1 sells x_2 to x_3 for x_4
vedli	experimental gismu			      	x_1 remembers experience x_2 (li'i)
venfu	gismu   	-vef-		      	x_1 takes revenge against x_2 because x_3 by doing x_4
vensa	gismu   	-ves-		      	x_1 is spring of year x_2 at location x_3
verba	gismu   	-ver-   	-ve'a-	      	x_1 is a child aged x_2 immature by standard x_3
vibna	gismu   	-vib-		      	x_1 is a vagina of x_2
vidni	gismu			      	x_1 is a screen or monitor for x_2
vidru	gismu   	-vir-		      	x_1 as a virus of species x_2 capable of infecting x_3
vifne	gismu   	-vif-		      	x_1 is fresh or unspoiled
vikmi	gismu   	-vim-   	-vi'i-	      	x_1 excretes waste x_2 from x_3 via x_4
viknu	gismu   	-vik-		      	x_1 is thick or viscous
vimcu	gismu   	-vic-   	-vi'u-	      	x_1 removes or subtracts x_2 from x_3 leaving x_4
vindu	gismu   	-vid-		      	x_1 is poisonous or toxic to x_2
vinji	gismu   	-vij-		      	x_1 is an aircraft for carrying x_2 propelled by x_3
vipsi	gismu   	-vip-		      	x_1 is a subordinate in aspect x_2 to principal x_3
virnu	gismu   	-vri-		      	x_1 is brave in activity x_2 (ka)
viska	gismu   	-vis-   	-vi'a-	      	x_1 sees x_2
vitci	gismu   	-vit-		      	x_1 is irregular in aspect x_2
vitke	gismu   	-vi'e-		      	x_1 is a guest of x_2 at x_3
vitno	gismu   	-vi'o-		      	x_1 is permanent in property x_2 (ka)
vlagi	gismu   	-lag-		      	x_1 is a vulva of x_2
vlile	gismu   	-vil-		      	x_1 is violent
vlina	gismu			      	x_1 is a logical disjunction stating that x_2 and or x_3 are true
vlipa	gismu   	-vli-		      	x_1 has the power to bring about x_2 (nu)
vofli	gismu   	-vol-   	-voi-	      	x_1 flies using means x_2
voksa	gismu   	-vok-   	-vo'a-	      	x_1 is the voice of x_2
vorme	gismu   	-vor-   	-vro-	      	x_1 is a doorway between x_2 and x_3 in structure x_4
vraga	gismu   	-vra-		      	x_1 is a lever for doing x_2 with fulcrum x_3 and arm x_4
vreji	gismu   	-rej-   	-vei-	      	x_1 is a record of x_2 about x_3 in medium x_4
vreta	gismu   	-vre-		      	x_1 rests or reclines on x_2
vrici	gismu			      	x_1 is miscellaneous or assorted in property x_2
vrude	gismu   	-vud-   	-vu'e-	      	x_1 is virtuous by standard x_3
vrusi	gismu   	-vus-   	-vu'i-	      	x_1 is a taste or flavor of x_2
vukro	gismu   	-vur-   	-vu'o-	      	x_1 is Ukrainian in aspect x_2
xabju	gismu   	-xa'u-		      	x_1 dwells or lives in x_2
xadba	gismu   	-xab-		      	x_1 is half of x_2 by standard x_3
xadni	gismu   	-xad-		      	x_1 is the body or corpse of x_2
xagji	gismu			      	x_1 is hungry for x_2
xagri	gismu			      	x_1 is a reed instrument with reed x_2
xajmi	gismu   	-xam-		      	x_1 is funny to x_2 in property or aspect x_3
xaksu	gismu   	-xak-		      	x_1 consumes or uses up x_2
xalbo	gismu			      	x_1 is flippant or non-serious about x_2
xalka	gismu   	-xal-		      	x_1 is a quantity of alcohol of type x_2 from source x_3
xalni	gismu			      	x_1 panics about x_2
xamgu	gismu   	-xag-   	-xau-	      	x_1 is good for x_2 by standard x_3
xampo	gismu   	-xap-   	-xa'o-	      	x_1 is x_2 amperes
xamsi	gismu   	-xas-		      	x_1 is a sea or ocean on planet x_2 of fluid x_3
xance	gismu   	-xan-   	-xa'e-	      	x_1 is a hand of x_2
xanka	gismu			      	x_1 is nervous or anxious about x_2 (nu)
xanri	gismu   	-xar-		      	x_1 is imaginary to x_2
xanto	gismu			      	x_1 is an elephant of species x_2
xarci	gismu   	-xac-   	-xa'i-	      	x_1 is a weapon for use against x_2 by x_3
xarju	gismu   	-xaj-		      	x_1 is a pig of species x_2
xarnu	gismu			      	x_1 stubbornly opposes x_2 about x_3
xasli	gismu			      	x_1 is a donkey of species x_2
xasne	gismu			      	x_1 is sweat from x_2 excreted via x_3
xatra	gismu   	-xa'a-		      	x_1 is a letter to x_2 from x_3 with content x_4
xatsi	gismu   	-xat-		      	x_1 is 10 to the negative eighteenth of x_2 in dimension or aspect x_3
xazdo	gismu   	-xaz-   	-zdo-	      	x_1 is Asian in aspect x_2
xebni	gismu   	-xen-   	-xei-	      	x_1 hates or despises x_2
xebro	gismu   	-xeb-   	-bro-	      	x_1 is Hebrew in aspect x_2
xecto	gismu   	-xet-   	-cto-	      	x_1 is a hundred of x_2 in dimension or aspect x_3
xedja	gismu   	-xej-   	-xe'a-	      	x_1 is a jaw of x_2
xekri	gismu   	-xek-   	-xe'i-	      	x_1 is black
xelso	gismu   	-xes-		      	x_1 is Greek in aspect x_2
xendo	gismu   	-xed-   	-xe'o-	      	x_1 is kind to x_2 in doing x_3
xenru	gismu   	-xer-   	-xe'u-	      	x_1 regrets x_2
xexso	gismu   	-xex-		      	x_1 is 10 to the eighteenth of x_2 in dimension or aspect x_3
xindo	gismu   	-xin-		      	x_1 is Hindi in aspect x_2
xinmo	gismu   	-xim-		      	x_1 is a quantity of ink of color x_2 used by writing device x_3.
xirma	gismu   	-xir-   	-xi'a-	      	x_1 is a horse of species x_2
xislu	gismu   	-xil-   	-xi'u-	      	x_1 is a wheel of vehicle x_2 made of x_3
xispo	gismu   	-xip-		      	x_1 is Hispanic-American in aspect x_2
xlali	gismu   	-xla-		      	x_1 is bad for x_2 by standard x_3
xlura	gismu   	-xlu-		      	x_1 lures or influences x_2 into x_3 by influence x_4
xorbo	experimental gismu			      	x_1 pertains to xorban language/culture in aspect x_2
xotli	gismu   	-xol-   	-xoi-	      	x_1 is a hotel or inn at x_2 operated by x_3
xrabo	gismu   	-rab-		      	x_1 is Arabic in aspect x_2
xrani	gismu   	-xai-		      	x_1 injures x_2 in property x_3 resulting in injury x_4
xriso	gismu   	-xis-   	-xi'o-	      	x_1 is Christian in aspect x_2
xruba	gismu   	-xub-		      	x_1 is a quantity of buckwheat of species x_2
xruki	gismu   	-xuk-		      	x_1 is a turkey of species x_2
xrula	gismu   	-rul-		      	x_1 is a flower of plant or species x_2
xruti	gismu   	-xru-		      	x_1 returns x_2 to x_3 from x_4
xukmi	gismu   	-xum-   	-xu'i-	      	x_1 is the chemical x_2 with purity x_3
xunre	gismu   	-xun-   	-xu'e-	      	x_1 is red
xurdo	gismu   	-xur-   	-xu'o-	      	x_1 is Urdu in aspect x_2
xusra	gismu   	-xus-   	-xu'a-	      	x_1 claims or asserts that x_2 is true
xutla	gismu   	-xul-		      	x_1 is smooth
zabna	gismu   	-zan-   	-za'a-	      	x_1 is likable, cool in property x_2 by standard x_3	See also {mabla}, {xamgu}, {funca}, {vrude}, {banli}.
zajba	gismu   	-zaj-		      	x_1 is a gymnast performing x_2
zalvi	gismu   	-zal-		      	x_1 grinds x_2 into powder x_3
zanru	gismu   	-zar-   	-zau-	      	x_1 approves of x_2
zarci	gismu   	-zac-   	-zai-	      	x_1 is a market selling x_2 operated by x_3
zargu	gismu   	-zag-   	-za'u-	      	x_1 is a buttocks of x_2
zasni	gismu   	-zas-		      	x_1 is temporary in property x_2
zasti	gismu   	-zat-   	-za'i-	      	x_1 exists or is real to x_2 under metaphysics x_3
zbabu	gismu   	-bab-		      	x_1 is a quantity of soap from x_2 including composition x_3
zbani	gismu			      	x_1 is a bay of coast x_2
zbasu	gismu   	-zba-		      	x_1 makes or assembles x_2 from parts x_3
zbepi	gismu   	-zbe-		      	x_1 is a pedestal supporting x_2 made of x_3
zdani	gismu   	-zda-		      	x_1 is a home of x_2
zdile	gismu   	-zdi-		      	x_1 is amusing to x_2 in property x_3
zekri	gismu   	-zer-   	-zei-	      	x_1 is a crime to x_2
zenba	gismu   	-zen-   	-ze'a-	      	x_1 increases in x_2 by amount x_3
zepti	gismu   	-zep-		      	x_1 is 10 to the negative twenty-first of x_2 in dimension or aspect x_3
zetro	gismu   	-zet-		      	x_1 is 10 to the twenty-first of x_2 in dimension or aspect x_3
zgana	gismu   	-zga-		      	x_1 observes x_2 using sense x_3
zgike	gismu   	-zgi-   	-gi'e-	      	x_1 is music performed by x_2
zifre	gismu   	-zif-   	-zi'e-	      	x_1 is at liberty or free to do or be x_2 (ka)
zinki	gismu   	-zin-   	-zi'i-	      	x_1 is a quantity of zinc
zirpu	gismu   	-zir-   	-zi'u-	      	x_1 is purple
zivle	gismu   	-ziv-   	-vle-	      	x_1 invests x_2 into x_3 expecting profit x_4
zmadu	gismu   	-zma-   	-mau-	      	x_1 exceeds or is more than x_2 in x_3 by amount x_4
zmiku	gismu   	-zmi-		      	x_1 is automatic in function x_2
zukte	gismu   	-zuk-   	-zu'e-	      	x_1 takes action x_2 for purpose x_3
zumri	gismu   	-zmu-		      	x_1 is is a quantity of corn or maize of species x_2
zungi	gismu   	-zug-		      	x_1 feels guilt about x_2
zunle	gismu   	-zul-		      	x_1 is to the left of x_2 in frame of reference x_3
zunti	gismu   	-zun-   	-zu'i-	      	x_1 interferes with or disrupts x_2 due to quality x_3
zutse	gismu   	-zut-   	-tse-	      	x_1 sits on x_2
zvati	gismu   	-zva-		      	x_1 is present at x_2
