a	cmavo			      		x ou y (sumti)
a'a	cmavo			      		attentif
a'acu'i	cmavo-compound			      		inattentif
a'anai	cmavo-compound			      		fuyant
abu	bu-letteral			      		lettre « a »
a'e	cmavo			      		vivacité
a'enai	cmavo-compound			      		fatigue
ai	cmavo			      		intention
a'i	cmavo			      		effort
a'icu'i	cmavo-compound			      		pas d'effort
aicu'i	cmavo-compound			      		indécision
ainai	cmavo-compound			      		refus
a'inai	cmavo-compound			      		repos
a'o	cmavo			      		espoir
a'onai	cmavo-compound			      		désespoir
au	cmavo			      		désir
a'u	cmavo			      		interêt
a'ucu'i	cmavo-compound			      		désintérêt
aucu'i	cmavo-compound			      		indifférence
aunai	cmavo-compound			      		dégoût
a'unai	cmavo-compound			      		répulsion
ba	cmavo			      		après marqueur du futur
ba'a	cmavo			      		j'anticipe
ba'acu'i	cmavo-compound			      		j'expérimente
ba'anai	cmavo-compound			      		je me souviens
ba'e	cmavo			      		souligne le prochain mot
bai	cmavo			      		contraint par
ba'i	cmavo			      		remplacé par
bapu	cmavo-compound			      		passé dans le futur
bau	cmavo			      		dans la langue
ba'u	cmavo			      		exagération
ba'ucu'i	cmavo-compound			      		précision
be	cmavo			      		lie un sumti à un sumti
be'a	cmavo			      		au nord de
be'e	cmavo			      		demande la parole
bei	cmavo			      		lie plus de sumti à un sumti
be'i	cmavo			      		envoyé par
be'o	cmavo			      		terminateur de liaison à un sumti
be'u	cmavo			      		manque
be'ucu'i	cmavo-compound			      		présence
be'unai	cmavo-compound			      		satiété
bi	cmavo   	-biv-		      		8
bi'i	cmavo   	-biz-		      		intervalle sans ordre
biki'o	cmavo-compound			      		8000
bimei	cmavo-compound			      		est un octet
bimoi	cmavo-compound			      		8ème
bino	cmavo-compound			      		80
binono	cmavo-compound			      		800
binonovo	cmavo-compound			      		8004
bi'o	cmavo			      		intervalle ordonné
bi'u	cmavo			      		nouvelle information
bi'unai	cmavo-compound			      		ancienne information
boi	cmavo			      		terminateur d'une chaîne de lettres ou de chiffres
bu	cmavo   	-bus-   	-bu'i-	      		converti un mot en lettre
bu'a	cmavo   	-bul-		      		selbri variable 1
bu'e	cmavo			      		selbri variable 2
bu'i	cmavo			      		selbri variable 3
bu'o	cmavo			      		débute une émotion
bu'ocu'i	cmavo-compound			      		continue une émotion
bu'onai	cmavo-compound			      		fini une émotion
bu'u	cmavo			      		au même endroit que
by	cmavo			      		lettre « b »
ca	cmavo			      		pendant
ca'a	cmavo   	-caz-		      		est en cours à l'instant
caca'a	cmavo-compound			      		est à l'instant
caca'o	cmavo-compound			      		est actuellement de façon continue
ca'e	cmavo			      		je définis
cai	cmavo			      		émotion intense
ca'i	cmavo			      		par autorité de
cajeba	cmavo-compound			      		pendant et ensuite
ca ma	cmavo-compound			      		question « quand? »
capu'o	cmavo-compound			      		va bientôt
cau	cmavo			      		vide de
ca'u	cmavo			      		en face de
ce	cmavo   	-cec-		      		avec … dans un ensemble
ce'i	cmavo   	-cez-		      		pourcent
ce'o	cmavo   	-ce'o-		      		avec … dans une séquence
ci	cmavo   	-cib-		      		3
ci'e	cmavo			      		dans le système
ci'i	cmavo			      		infini (nombre)
ci'iroi	cmavo-compound			      		temps infini
ciki'o	cmavo-compound			      		3000
cimei	cmavo-compound			      		est un trio
cimoi	cmavo-compound			      		3ème
cino	cmavo-compound			      		30
cinono	cmavo-compound			      		300
ci'o	cmavo			      		émotionnellement ressenti par
co	cmavo   	-col-		      		inversion de tanru
co'a	cmavo   	-co'a-		      		au début de (un événement)
co'e	cmavo   	-com-   	-co'e-	      		bridi non spécifié
coi	cmavo			      		bonjour
coico'o	cmavo-compound			      		bonjour en passant
co'o	cmavo			      		au revoir
cu	cmavo			      		marqueur de début d'un selbri
cu'a	cmavo			      		valeur absolue	norme
cu'e	cmavo			      		question « modal? »
cu'i	cmavo			      		émotion neutre
cu'u	cmavo			      		exprimé par
cu'u ko'a	cmavo-compound			      		exprimé par ko'a
cy	cmavo			      		lettre « c »
da	cmavo   	-dav-   	-dza-	      		quelquechose 1
da'a	cmavo   	-daz-		      		tout sauf
da'amoi	cmavo-compound			      		avant dernier
da'aremoi	cmavo-compound			      		antépénultième
dai	cmavo			      		applique un cnima'o à {do}
da'i	cmavo			      		je suppose
da'inai	cmavo-compound			      		en fait
da'o	cmavo			      		annule les assignations
dau	cmavo			      		10 (A en hexadécimal)
de	cmavo			      		quelquechose 2
de'i	cmavo			      		daté de
denpa bu	bu-letteral			      		symbole de pause : « . »
de'o	cmavo			      		logarithme
de'u	cmavo			      		parole récente	pro-sumti
di	cmavo			      		quelquechose 3
di'i	cmavo			      		régulièrement
di'inai	cmavo-compound			      		irrégulièrement
di'o	cmavo			      		à l'endroit de
do	cmavo   	-don-   	-doi-	      		toi/vous
do'a	cmavo			      		généreusement	attitudinal
do'anai	cmavo-compound			      		parcimonieusement	attitudinal
do'e	cmavo			      		sumtcita non spécifié
doi	cmavo			      		identifie l'auditeur
doido'u	cmavo-compound			      		eh toi !
do'o	cmavo			      		toi/vous et d'autres
du	cmavo   	-dub-   	-du'o-	      		est identique à
du'a	cmavo			      		à l'est de
du'e	cmavo			      		trop
du'emei	cmavo-compound			      		est trop
du'eroi	cmavo-compound			      		trop souvent
du'i	cmavo			      		autant que
du'o	cmavo			      		selon
du'u	cmavo   	-dum-		      		transforme BRIDI en le selbri : x_1 est BRIDI exprimé par x_2
dy	cmavo			      		lettre « d »
e	cmavo			      		x et y (sumti)
e'a	cmavo			      		permission
e'anai	cmavo-compound			      		interdiction
ebu	bu-letteral			      		lettre « e »
e'e	cmavo			      		compétence
e'enai	cmavo-compound			      		incompétence
ei	cmavo			      		obligation
einai	cmavo-compound			      		liberté
enai	cmavo-compound			      		x et non y (sumti)
e'o	cmavo			      		attitudinal : requête
e'u	cmavo			      		suggestion
e'ucu'i	cmavo-compound			      		suggestion d'abandon
e'unai	cmavo-compound			      		avertissement
fa	cmavo			      		marqueur de 1 ère place (sumti)
fa'e	cmavo			      		séquence inverse de
fai	cmavo			      		place sumti supplémentaire
fa'i	cmavo			      		opérateur inverse (pour*)
fa'o	cmavo			      		fin du texte
fau	cmavo			      		dans l'événement
fa'u	cmavo			      		et respectivement
fau'u	experimental cmavo			      		Désolé(e)! : vocatif
fe	cmavo			      		marqueur 2 ème place (sumti)
fe'a	cmavo			      		racine nième de
fe'e	cmavo			      		aspects spatiaux
fe'eba'o	cmavo-compound			      		autour
fe'eca'o	cmavo-compound			      		à travers
fe'eco'a	cmavo-compound			      		à cette extrémité de
fe'eco'i	cmavo-compound			      		au point de
fe'emo'u	cmavo-compound			      		à la fin lointaine de
fe'enoroi	cmavo-compound			      		nulle part
fe'eroroi	cmavo-compound			      		partout
fe'eza'o	cmavo-compound			      		continuant trop loin
fe'i	cmavo			      		divisé par
fe'o	cmavo			      		fin de la discussion
fi	cmavo			      		marqueur de 3ème place (sumti)
fi'a	cmavo			      		question : place du sumti ?
fi'e	cmavo			      		créé par
fi'i	cmavo			      		attitudinal : hospitalité
fi'inai	cmavo-compound			      		attitudinal : inhospitalité
fi'o	cmavo			      		converti un selbri en sumtcita
fi'u	cmavo			      		barre de fraction
fo	cmavo			      		marqueur de 4 ème place (sumti)
fo'a	cmavo   	-fo'a-		      		ça 6
fo'e	cmavo   	-fo'e-		      		ça 7
foi	cmavo			      		fin de lettre composée
fo'i	cmavo   	-fo'i-		      		ça 8
fo'o	cmavo			      		ça 9
fo'u	cmavo			      		ça 10
fu	cmavo			      		marqueur de 5ème place (sumti)
fu'i	cmavo			      		attitudinal : facile
fu'inai	cmavo-compound			      		attitudinal : difficile
fu'u	cmavo			      		opérateur non spécifié
fy	cmavo			      		lettre « f »
ga'a	cmavo			      		pour l'observateur
ga'e	cmavo			      		passage en haut de casse
gai	cmavo			      		12 (C en hexadécimal)
ga'i	cmavo			      		attitudinal : hauteur
ga'icu'i	cmavo-compound			      		attitudinal : parité
ga'inai	cmavo-compound			      		attitudinal : infériorité
ga'o	cmavo			      		intervallle fermé
gau	cmavo			      		avec l'agent actif
ge'a	cmavo			      		opérateur nul
ge'e	cmavo			      		attitudinal : émotion non spécifiée
gei	cmavo			      		notation exponentielle
ge'o	cmavo			      		passage à l'alphabet grec
ge'u	cmavo			      		terminateur de phrase relative
gi'a	cmavo			      		x ou y (queue de bridi)
gi'e	cmavo			      		x et y (queue de bridi)
gi'enai	cmavo-compound			      		x et non y (queue de bridi)
gi'i	cmavo			      		question : bridi connecteur ?
gi'o	cmavo			      		x si et seulement si y (queue de bridi)
gi'onai	cmavo-compound			      		x XOR y (queue de bridi)
gi'u	cmavo			      		x quelque soit y (queue de bridi)
go'a	cmavo			      		bridi récent
go'e	cmavo			      		avant dernier bridi
goi	cmavo			      		assigne un pro-sumti à un sumti
go'i	cmavo			      		répète le sens du dernier bridi
go'ira'o	cmavo-compound			      		vrai pour moi aussi
go'o	cmavo			      		bridi à venir
go'u	cmavo			      		bridi précédent (loin)
gy	cmavo			      		lettre « g »
i	cmavo			      		lien de phrase
ia	cmavo			      		croyance
i'a	cmavo			      		acceptation
iacu'i	cmavo-compound			      		scepticisme
ianai	cmavo-compound			      		incroyance
i'anai	cmavo-compound			      		blame
ibu	bu-letteral			      		lettre « i »
ie	cmavo			      		accord
i'e	cmavo			      		approbation
i'ecu'i	cmavo-compound			      		non approbation
ienai	cmavo-compound			      		désaccord
i'enai	cmavo-compound			      		désapprobation
ii	cmavo			      		peur
i'i	cmavo			      		communauté
iinai	cmavo-compound			      		sécurité
i'inai	cmavo-compound			      		vie privée
ija	cmavo-compound			      		x ou y (phrase)
ijanai	cmavo-compound			      		x ou non y (phrase)
ije	cmavo-compound			      		x et y (phrase)
ije'i	cmavo-compound			      		question phrase connecteur « ? »
ijenai	cmavo-compound			      		x et non y (phrase)
ijo	cmavo-compound			      		x ssi y (phrase)
ijonai	cmavo-compound			      		x XOR y (phrase)
iju	cmavo-compound			      		x quelque soit y (phrase)
inaja	cmavo-compound			      		non x ou y (phrase)
io	cmavo			      		respect
i'o	cmavo			      		appréciation
ionai	cmavo-compound			      		impertinence
i'onai	cmavo-compound			      		envie
iu	cmavo			      		amour
i'u	cmavo			      		familiarité
iucu'i	cmavo-compound			      		pas d'amour
iunai	cmavo-compound			      		haine
i'unai	cmavo-compound			      		mystère
ja	cmavo   	-jav-		      		x ou y (intérieur d'un tanru)
ja'a	cmavo			      		affirmateur de bridi (logique)
ja'e	cmavo			      		de là il résulte
ja'enai	cmavo-compound			      		de là il ne résulte jamais
ja'i	cmavo			      		de la règle
ja'o	cmavo			      		j'en conclue
je	cmavo   	-jev-   	-jve-	      		x et y (tanru)
je'a	cmavo			      		affirmateur scalaire
je'e	cmavo			      		acquit
je'enai	cmavo-compound			      		acquit négatif
jei	cmavo   	-jez-		      		abstracteur de vérité
je'i	cmavo			      		question tanru connecteur ?
jenai	cmavo-compound			      		x et non y (intérieur d'un tanru)
je'o	cmavo			      		passe à l'alphabet hébreux
je'u	cmavo			      		vérité
je'unai	cmavo-compound			      		non vérité
ji	cmavo			      		question sumti connecteur « ? »
ji'a	cmavo			      		de plus
ji'e	cmavo			      		jusqu'à la limite
ji'i	cmavo			      		approximativement
ji'ima'u	cmavo-compound			      		arrondi supérieur
ji'ini'u	cmavo-compound			      		arrondi inférieur
ji'o	cmavo			      		sous la direction de
ji'u	cmavo			      		basé sur
jo	cmavo   	-jov-		      		x ssi y (intérieur d'un tanru)
jo'a	cmavo			      		oui métalinguistique
jo'au	experimental cmavo			   	MAI      	Changer la version/le dialecte de l'analyseur syntaxique/parser.	Il faut que la morphologie et la grammmaire des chiffres précédant {jo'au}, y inclues les «mot»-{bu}, soient conformées à la version 134 de la page «BPFK Section: PEG Morphology Algorithm (l'algorithme morphologique de PEG)» sur le site web lojban.org et la grammaire officielle des cmavo de chiffre, afin qu'une locution de {jo'au} forme un modifiant libre qui est compatible avec tous les versions/dialectes de l'analyseur syntaxique/parser du lojban: par exemple, «jie bu jo'au» ainsi que «xei jo'au» ne sont pas des locutions significatives. Dans l'usage standard, une locution de {jo'au} se trouve tout au début de la totalité d'un texte, à l'inverse de l'usage de {fa'o}. La portée de la signification d'une locution de {jo'au} s'étend sur la partie suivante jusqu'à la prochaine locution de {jo'au}. Optionnellement, si la première locution de {jo'au} se trouve au milieu d'un texte, la portée de la signification s'étend à partir du début du texte jusqu'à la prochaine locution de {jo'au}. exemples de la signification: cylylypapi'epa jo'au (le yacc officiel et le jbofi'e http://www.lojban.org/jboski/ ); camxes.bu jo'au (la peg actuelle http://camxes.lojban.org/ ); iocixes.bu jo'au (zasni gerna de la xorxes https://skami2.iocikun.jp/lojban/zasniGerna , http://www.lojban.org/tiki/zasni+gerna ); ilmentufa burenopavopi'epapapi'erevo jo'au (ilmentufa version 2014-11-24 http://mw.lojban.org/extensions/ilmentufa/camxes-exp.html , https://github.com/Ilmen-vodhr/ilmentufa ); fancylojban.bu jo'au (fancylojban http://mw.lojban.org/lmw/fancylojban , http://mw.lojban.org/lmw/ce_ki_tau_jau - il n'y a pas encore d'analyseur syntaxique.)
jo'e	cmavo   	-jom-		      		union
joi	cmavo   	-jol-   	-joi-	      		en masse avec
jo'i	cmavo			      		tableau
joibu	bu-letteral			      		&
jonai	cmavo-compound			      		x XOR y (intérieur d'un tanru)
jo'o	cmavo			      		passe à l'alphabet arabe
jo'u	cmavo   	-jo'u-		      		en commun avec
ju	cmavo   	-juv-		      		x quelque soit y (intérieur d'un tanru)
ju'e	cmavo			      		connecteur vague
ju'i	cmavo			      		écoutez moi
ju'icu'i	cmavo-compound			      		repos
ju'inai	cmavo-compound			      		ignorez moi
ju'o	cmavo			      		certitude
ju'ocai	cmavo-compound			      		quasi certitude
ju'ocu'i	cmavo-compound			      		incertitude
ju'onai	cmavo-compound			      		impossibilité
ju'opei	cmavo-compound			      		avec quelle certitude ?
ju'u	cmavo			      		base numérique
jy	cmavo			      		lettre « j »
ka	cmavo   	-kam-		      		abstracteur de propriété x_1 est la qualité/propriété montrée par [bridi]
ka'a	cmavo			      		atteint par
ka'e	cmavo			      		capable de façon innée
kai	cmavo			      		caractérisant
ka'i	cmavo			      		représenté par
ka'o	cmavo			      		i imaginaire
kau	cmavo			      		question indirecte
ka'u	cmavo			      		je sais culturellement
ke	cmavo   	-kem-		      		commence un groupement
ke'a	cmavo			      		ça dans une relative (que/dont...)
ke'e	cmavo   	-kep-   	-ke'e-	      		termine un groupement
kei	cmavo   	-kez-		      		fin d'une abstraction
ke'i	cmavo			      		intervalle ouvert
ke'o	cmavo			      		répetez svp
ke'u	cmavo			      		je répète
ke'unai	cmavo-compound			      		je continue
ki	cmavo			      		null
ki'a	cmavo			      		confusion sur le texte
ki'anai	cmavo-compound			      		compréhension textuelle
ki'e	cmavo			      		merci
ki'enai	cmavo-compound			      		pas merci
ki'o	cmavo			      		séparateur de nombre (paquet de 3 en base 10)
ki'u	cmavo			      		à cause de la raison
ki'u ma	cmavo-compound			      		avec quelle raison ?
ki'unai	cmavo-compound			      		malgré la raison
ko	cmavo			      		toi à l'impératif
ko'a	cmavo			      		ça 1
ko'e	cmavo			      		ça 2
koi	cmavo			      		borné par
ko'i	cmavo			      		ça 3
ko'o	cmavo			      		ça 4
ko'oi	experimental cmavo			      		impératif d'attitude
ko'u	cmavo			      		ça 5
ku	cmavo			      		termine un sumti
ku'a	cmavo   	-kuz-		      		intersection
ku'i	cmavo			      		attitudinal mais
ku'o	cmavo			      		termine une relative
ku'u	cmavo			      		dans la culture
ky	cmavo			      		lettre « k »
la	cmavo			      		article nommant
la'a	cmavo			      		probabilité
la'anai	cmavo-compound			      		improbabilité
la'e	cmavo			      		l'étalon de
la'edi'u	cmavo-compound			      		pro-sumti référent la dernière parole
lai	cmavo			      		la masse nommée
la'i	cmavo			      		l'ensemble nommé
la'o	cmavo			      		le truc non lojban nommé
lau	cmavo			      		marque de ponctuation
la'u	cmavo			      		quantifiant
la'u ma	cmavo-compound			      		en quelle quantité ?
le	cmavo			      		artcile décrivant
le'a	cmavo			      		dans la catégorie
ledo	cmavo-compound			      		le tien/votre décrit
le'e	cmavo   	-lem-		      		le stéréotypique
le go'i	cmavo-compound			      		x_1 du dernier bridi
lei	cmavo			      		artcile décrivant une masse
le'i	cmavo			      		l'ensemble décrit
le jaica	cmavo-compound			      		le temps de
le jaigau	cmavo-compound			      		l'agent dans
le jaivi	cmavo-compound			      		le lieu de
leko'a	cmavo-compound			      		le sien (de ça 1) décrit
lemi	cmavo-compound			      		le mien décrit
le'o	cmavo			      		attitudinal : agressive
le'ocu'i	cmavo-compound			      		attitudinal : passif
le'onai	cmavo-compound			      		attitudinal : defensive
le sego'i	cmavo-compound			      		x_2 du dernier bridi
le tego'i	cmavo-compound			      		x_3 du dernier bridi
le'u	cmavo			      		fini une citation grammaticalement incorrecte
leva	cmavo-compound			      		ça là
le vego'i	cmavo-compound			      		x_4 du dernier bridi
levi	cmavo-compound			      		ça ici
levu	cmavo-compound			      		ça là-bas
le xego'i	cmavo-compound			      		x_5 du dernier bridi
li	cmavo			      		article de nombre
li'a	cmavo			      		clairement
li'anai	cmavo-compound			      		obscurément
li'e	cmavo			      		précédé par
li'i	cmavo   	-liz-		      		abstracteur d'expérience
li'o	cmavo			      		texte omis
li'u	cmavo			      		fin de citation grammaticalement correcte
lo	cmavo			      		artcile décrivant ce qui est vraiment
lo'a	cmavo			      		passe à l'alphabet lojban (romain)
lo'e	cmavo   	-lom-		      		le typique
loi	cmavo			      		la masse qui est vraiment
lo'i	cmavo			      		l'ensemble qui est vraiment
lo'u	cmavo			      		commence une citation grammaticalement incorrecte
lu	cmavo			      		marqueur de début d'une citation grammaticalement correcte
lu'a	cmavo			      		les individus de
lu'e	cmavo			      		le symbole pour
lu'i	cmavo			      		l'ensemble composé de
lu'o	cmavo			      		la masse composée de
ly	cmavo			      		lettre « l »
ma	cmavo			      		question « sumti? »
ma'a	cmavo			      		nous avec toi
ma'e	cmavo			      		objet matériel
mai	cmavo			      		ordinal de phrase
ma'i	cmavo			      		dans le référentiel
ma'u	cmavo			      		nombre positif
me	cmavo			      		transforme un sumti en selbri
me'e	cmavo			      		avec le nom
me'e ma	cmavo-compound			      		question : « nom ? »
mei	cmavo   	-mem-   	-mei-	      		converti un nombre en selbri cardinal
me'i	cmavo			      		moins que
me'o	cmavo			      		converti une expression mathématique en sumti
mi	cmavo   	-mib-		      		moi/nous
mi'a	cmavo			      		nous mais pas toi
mi'e	cmavo			      		introduction de « moi »
mi'enai	cmavo-compound			      		je ne suis pas
mi'i	cmavo			      		centre
mi'o	cmavo			      		toi et moi
mo	cmavo			      		question « bridi ? »
mo'a	cmavo   	-mob-		      		trop peu
mo'aroi	cmavo-compound			      		trop peu de fois
moi	cmavo   	-mom-   	-moi-	      		converti un nombre en selbri ordinal
mo'i	cmavo   	-mov-		      		marqueur de mouvement
mo'ibe'a	cmavo-compound			      		vers le nord
mo'ica'u	cmavo-compound			      		vers l'avant
mo'idu'a	cmavo-compound			      		vers l'est
mo'ifa'a	cmavo-compound			      		arrivant à
mo'iga'u	cmavo-compound			      		vers le haut
mo'ine'a	cmavo-compound			      		dans le voisinage de
mo'ine'i	cmavo-compound			      		vers l'intérieur
mo'ine'u	cmavo-compound			      		vers le sud
mo'ini'a	cmavo-compound			      		vers le bas
mo'ipa'o	cmavo-compound			      		traversant
mo'ire'o	cmavo-compound			      		le long de
mo'iri'u	cmavo-compound			      		vers la droite
mo'iru'u	cmavo-compound			      		orbitant
mo'ite'e	cmavo-compound			      		longeant
mo'ito'o	cmavo-compound			      		s'éloignant de
mo'ivu'a	cmavo-compound			      		vers l'ouest
mo'ize'o	cmavo-compound			      		vers l'extérieur
mo'izo'a	cmavo-compound			      		passant par
mo'izo'i	cmavo-compound			      		approchant
mo'izu'a	cmavo-compound			      		vers la gauche
mo'o	cmavo			      		ordinal de chapitre
mu	cmavo   	-mum-		      		5
mu'a	cmavo			      		par exemple
mu'acu'i	cmavo-compound			      		omettant l'exemple
mu'anai	cmavo-compound			      		finissant les exemples
mu'i	cmavo			      		à cause de la motivation
mu'i ma	cmavo-compound			      		question : « motivation ? »
mu'inai	cmavo-compound			      		malgré la motivation
muki'o	cmavo-compound			      		5000
mumei	cmavo-compound			      		est un quintette
mumoi	cmavo-compound			      		5ème
muno	cmavo-compound			      		50
munono	cmavo-compound			      		500
mu'o	cmavo			      		fin de la transmission
mu'onai	cmavo-compound			      		transmission à suivre
mu'u	cmavo			      		exemplifié par
my	cmavo			      		lettre « m »
na	cmavo   	-nar-		      		négation d'un bridi
na.a	cmavo-compound			      		non x ou y (sumti)
na'a	cmavo			      		annule les changements d'alphabets
na'e	cmavo   	-nal-		      		contraire scalaire
na'epu'i	cmavo-compound			      		n'a jamais
nagi'a	cmavo-compound			      		non x ou y (queue de bridi)
nago'i	cmavo-compound			      		déclare faux le dernier bridi
nai	cmavo			      		déclare faux le dernier mot
na'i	cmavo			      		négation métalinguistique
naja	cmavo-compound			      		non x ou y (tanru)
na'o	cmavo			      		typique
na'onai	cmavo-compound			      		atypiquement
nau	cmavo			      		point de référence
ne'a	cmavo			      		après (dans l'espace-temps)
nei	cmavo			      		répète le bridi en cours
ne'i	cmavo			      		à l'intérieur
ne'o	cmavo			      		opérateur factoriel
ne'u	cmavo			      		au sud de
ni	cmavo   	-nil-		      		abstracteur de quantité
ni'a	cmavo			      		en dessous de
ni'i	cmavo			      		à cause de la logique
ni'i ma	cmavo-compound			      		question : « logique ? »
ni'inai	cmavo-compound			      		malgré la logique
ni'o	cmavo			      		marqueur de nouveau sujet
ni'u	cmavo			      		signe moins des nombre négatifs
noda	cmavo-compound			      		rien du tout
no'i	cmavo			      		vieux sujet
nomo'o	cmavo-compound			      		Chapitre 0
no'o	cmavo			      		valeur standard
noroi	cmavo-compound			      		jamais
nu	cmavo   	-nun-		      		abstracteur d'événement
nu'a	cmavo			      		converti un opérateur mathématique en selbri
nu'e	cmavo			      		promis
nu'ecu'i	cmavo-compound			      		delié de promesse
nu'enai	cmavo-compound			      		non promis
nu'o	cmavo   	-nu'o-		      		potentiel non réalisé
ny	cmavo			      		lettre « n »
o	cmavo			      		x si et seulement si y (sumti)
o'a	cmavo			      		fierté
o'acu'i	cmavo-compound			      		modestie
o'anai	cmavo-compound			      		honte
obu	bu-letteral			      		lettre « o »
o'e	cmavo			      		proximité
o'enai	cmavo-compound			      		distance
oi	cmavo			      		plainte
oinai	cmavo-compound			      		plaisir
oire'e	cmavo-compound			      		problème métaphysique
oiro'a	cmavo-compound			      		embarrassement
oiro'e	cmavo-compound			      		fatigue mentale
oiro'i	cmavo-compound			      		anxiété
oiro'o	cmavo-compound			      		douleur physique
oiro'u	cmavo-compound			      		plainte sexuelle
onai	cmavo-compound			      		x XOR y (sumti)
o'o	cmavo			      		patience
o'ocu'i	cmavo-compound			      		tolérance
o'onai	cmavo-compound			      		énervement
o'u	cmavo			      		détente
o'unai	cmavo-compound			      		stress
pa	cmavo   	-pav-		      		1
pa'a	cmavo			      		en commun avec
pa'aku	cmavo-compound			      		chacun respectivement
pabi	cmavo-compound			      		18
paci	cmavo-compound			      		13
pa'e	cmavo			      		justice
pa'enai	cmavo-compound			      		injustice
pai	cmavo			      		nombre pi
pa'i	cmavo			      		ratio
paki'o	cmavo-compound			      		1000
pamai	cmavo-compound			      		premièrement
pamei	cmavo-compound			      		est un singleton
pamoi	cmavo-compound			      		1er
pamo'o	cmavo-compound			      		Chapitre 1
pamu	cmavo-compound			      		15
pano	cmavo-compound			      		10
panomei	cmavo-compound			      		est une dizaine
panomoi	cmavo-compound			      		10ème
panono	cmavo-compound			      		100
panonomei	cmavo-compound			      		est une centaine
papa	cmavo-compound			      		11
pare	cmavo-compound			      		12
paremei	cmavo-compound			      		est une douzaine
paso	cmavo-compound			      		19
pau	cmavo			      		marque le début d'une question
pa'u	cmavo			      		ayant la/les parties
paunai	cmavo-compound			      		question rhétorique
pavo	cmavo-compound			      		14
paxa	cmavo-compound			      		16
paze	cmavo-compound			      		17
pe	cmavo			      		est associé à
pe'a	cmavo   	-pev-		      		au sens figuré
pei	cmavo			      		question : « émotion ? »
pe'i	cmavo			      		j'émets l'avis
pe'u	cmavo			      		svp
pi	cmavo   	-piz-		      		virgule décimale
pi'a	cmavo			      		matrice de ligne
pidu'e	cmavo-compound			      		trop parmi
pi'e	cmavo			      		séparateur de chiffre (1h12'12''->1pi'e12pi'e12)
pi'i	cmavo			      		multiplication
piji'i	cmavo-compound			      		à peu près tous parmi
pimo'a	cmavo-compound			      		trop peu parmi
pimucu'o	cmavo-compound			      		est de propabilité ½
pi'o	cmavo			      		utilisé par
piresi'e	cmavo-compound			      		est un cinquième de
piro	cmavo-compound			      		tous parmi
pirosi'e	cmavo-compound			      		est la totalité de
piso'a	cmavo-compound			      		presque tous parmi
piso'i	cmavo-compound			      		une grande partie parmi
piso'iroi	cmavo-compound			      		une grande partie du temps
piso'u	cmavo-compound			      		un peu de
piso'uroi	cmavo-compound			      		rarement
pisu'o	cmavo-compound			      		au moins quelques uns de
pi'u	cmavo   	-piv-		      		produit cartésien
po	cmavo			      		est spécifique à
po'e	cmavo			      		associé de manière inaliènable à
poi	cmavo			      		subordonne un bridi à un sumti
po'i	cmavo			      		dans la séquence
po'o	cmavo			      		de façon unique
po'u	cmavo			      		identification restreinte
pu	cmavo			      		marqueur de temps du passé
puba	cmavo-compound			      		allait avoir lieu
puca'a	cmavo-compound			      		était actuellement
puca'o	cmavo-compound			      		était pendant
pu'e	cmavo			      		par le processus
pu'i	cmavo   	-pus-		      		potentiel démontré
pujeba	cmavo-compound			      		avant et après
pujeca	cmavo-compound			      		avant et pendant
pu'o	cmavo			      		avant le début de
pupu	cmavo-compound			      		passé antérieur
pu'u	cmavo   	-puv-		      		abstracteur de processus
puza	cmavo-compound			      		il y a moyennement longtemps
puze'a	cmavo-compound			      		durée moyenne dans le passé
puze'i	cmavo-compound			      		pendant une courte période dans le passé
puze'u	cmavo-compound			      		pendant une longue période dans le passé
puzi	cmavo-compound			      		peu de temps avant
puzu	cmavo-compound			      		longtemps avant
py	cmavo			      		lettre « p »
ra	cmavo			      		sumti récent
ra'a	cmavo			      		correspondant à
ra'e	cmavo			      		répétition des décimales
rai	cmavo			      		avec le superlatif
ra'i	cmavo			      		de la source
ra'o	cmavo			      		remise à jour des assignement
rau	cmavo			      		assez
raumei	cmavo-compound			      		est assez
raumoi	cmavo-compound			      		est le assez-ième parmi
re	cmavo   	-rel-		      		2
re'a	cmavo			      		transposition mathématique
re'e	cmavo			      		spirituel/religieux
re'enai	cmavo-compound			      		sacrilège
rei	cmavo			      		14 (E en hexadécimal)
re'i	cmavo			      		prêt à recevoir
re'inai	cmavo-compound			      		pas prêt à recevoir
reki'o	cmavo-compound			      		2000
remai	cmavo-compound			      		deuxièmement
remei	cmavo-compound			      		est une paire
remoi	cmavo-compound			      		2ème
reno	cmavo-compound			      		20
renomei	cmavo-compound			      		est 20
renono	cmavo-compound			      		200
re'o	cmavo			      		adjacent à
reroi	cmavo-compound			      		2 fois autant
ri	cmavo			      		le dernier sumti
ri'a	cmavo			      		à cause de
ri'a ma	cmavo-compound			      		question : « cause ? »
ri'anai	cmavo-compound			      		malgré la cause
ri'e	cmavo			      		relachement émotionnel
ri'enai	cmavo-compound			      		contriction émotionnelle
ri'i	cmavo			      		expérimenté par
ri'o	cmavo			      		intégrale (opérateur mathématique)
ri'u	cmavo			      		à la droite de
ro	cmavo   	-rol-		      		tout/chaque
ro'a	cmavo			      		social
ro'anai	cmavo-compound			      		antisocial
roda	cmavo-compound			      		chaque chose
ro'e	cmavo			      		mental
ro'enai	cmavo-compound			      		sans esprit
roi	cmavo   	-rom-   	-roi-	      		quantificateur de temps
ro'i	cmavo			      		émotionnel
ro'inai	cmavo-compound			      		anti-émotionnel
romai	cmavo-compound			      		finalement
romoi	cmavo-compound			      		est le dernier parmi
ro'o	cmavo			      		physique
ro'onai	cmavo-compound			      		anti-physique
roroi	cmavo-compound			      		toujours
ro'u	cmavo			      		sexuel
ro'unai	cmavo-compound			      		abstinence sexuelle
ru	cmavo			      		un sumti précédent (lointain)
ru'a	cmavo			      		je postule
ru'e	cmavo			      		Modificateur d'attitudinal, indique que l'intensité est faible
ru'i	cmavo			      		continuellement
ru'inai	cmavo-compound			      		occasionnellement
ru'o	cmavo			      		passe à l'alphabet cyrillique
ru'u	cmavo			      		entourant
ry	cmavo			      		lettre « r »
sa'a	cmavo			      		note de l'éditeur
sa'e	cmavo			      		précisément
sa'enai	cmavo-compound			      		en gros
sai	cmavo			      		Modificateur d'attitudinal, indique que l'intensité est forte
sa'i	cmavo			      		matrice de colonne
sa'o	cmavo			      		dérivation
sau	cmavo			      		requérant
sa'u	cmavo			      		en parlant simplement
sa'unai	cmavo-compound			      		pédantement
se	cmavo   	-sel-		      		2nde conversion
se'a	cmavo			      		auto-suffisance
se'anai	cmavo-compound			      		dépendance
sebai	cmavo-compound			      		forçant le résultat
seba'i	cmavo-compound			      		à la place de
sebau	cmavo-compound			      		dans la langue de
sebe'i	cmavo-compound			      		transmettant
seca'i	cmavo-compound			      		avec autorité sur
secau	cmavo-compound			      		sans
seci'o	cmavo-compound			      		éprouvant l'émotion
seci'u	cmavo-compound			      		sur l'échelle de mesure
secu'u	cmavo-compound			      		exprimant
sede'i	cmavo-compound			      		à la même date que
sedi'o	cmavo-compound			      		à l'endroit précis
sedu'i	cmavo-compound			      		égal à
sedu'o	cmavo-compound			      		sachant les faits
sedu'u	cmavo-compound			      		abstracteur d'énoncé
se'e	cmavo			      		code un charactère
sefa'e	cmavo-compound			      		comme inversion de
sefi'e	cmavo-compound			      		créant
sega'a	cmavo-compound			      		observant
segau	cmavo-compound			      		comme agent faisant
sei	cmavo			      		introduit un bridi métalinguistique
se'i	cmavo			      		egoïste
se'inai	cmavo-compound			      		altruiste
seja'e	cmavo-compound			      		résultats de
seja'enai	cmavo-compound			      		résultats malgré
seja'i	cmavo-compound			      		par la règle préscrivant
seji'e	cmavo-compound			      		comme limite de
seji'o	cmavo-compound			      		controllant les aspects
seji'u	cmavo-compound			      		comme base de
seka'a	cmavo-compound			      		avec pour destination
sekai	cmavo-compound			      		avec la propriété
seka'i	cmavo-compound			      		en représentation de
sekai ma	cmavo-compound			      		quel type ?
seki'i	cmavo-compound			      		en relation avec
sekoi	cmavo-compound			      		comme borne
seku'u	cmavo-compound			      		dans la culture de
sela'u	cmavo-compound			      		en quantité
sele'a	cmavo-compound			      		comme classe de
seli'e	cmavo-compound			      		précédant
sema'e	cmavo-compound			      		fait du matériau
sema'i	cmavo-compound			      		comme standard pour
semau	cmavo-compound			      		plus que
semaunai	cmavo-compound			      		pas plus que
seme'a	cmavo-compound			      		moins que
seme'anai	cmavo-compound			      		pas moins que
seme'e	cmavo-compound			      		comme nom de
semu'u	cmavo-compound			      		exemple de la propriété
se'o	cmavo			      		je sais en moi-même
sepa'a	cmavo-compound			      		ressemblant à
sepa'u	cmavo-compound			      		comme partie de
sepi'o	cmavo-compound			      		utilisant l'outil
sepo'i	cmavo-compound			      		ordonné par la règle
sepu'a	cmavo-compound			      		pour plaire à
sepu'e	cmavo-compound			      		procédant à partir de
sera'a	cmavo-compound			      		concernant
serai	cmavo-compound			      		superlatif en
sera'i	cmavo-compound			      		comme origine de
seri'i	cmavo-compound			      		expérimentant (à la première personne)
sesau	cmavo-compound			      		nécessaire pour
sesi'u	cmavo-compound			      		aidant
setai	cmavo-compound			      		comme forme de
seta'i	cmavo-compound			      		comme méthode pour
seti'i	cmavo-compound			      		suggérant
seti'u	cmavo-compound			      		en même temps que
setu'i	cmavo-compound			      		comme lieu de
se'u	cmavo			      		fini un passage métalinguistique
seva'o	cmavo-compound			      		comme conditions/environnement de
seva'u	cmavo-compound			      		avec bénéficiaire
sezau	cmavo-compound			      		approuvant
sezu'e	cmavo-compound			      		employant les moyens
si	cmavo			      		efface le dernier mot (non lojban = un seul mot)
si'a	cmavo			      		pareillement
si'e	cmavo			      		proportion
si'i	cmavo			      		sommation (sigma)
si'o	cmavo   	-siz-		      		abstracteur de concept
si'u	cmavo			      		aidé par
slaka bu	bu-letteral			      		Lettre « , »
so	cmavo   	-soz-		      		9
so'a	cmavo   	-soj-		      		presque tous/tout
so'e	cmavo   	-sop-		      		la plupart
so'eroi	cmavo-compound			      		habituellement
soi	cmavo			      		réciproquement (sumti)
so'i	cmavo   	-sor-   	-so'i-	      		beaucoup
so'imei	cmavo-compound			      		contient beaucoup d'éléments de
so'iroi	cmavo-compound			      		beaucoup de fois
soki'o	cmavo-compound			      		9000
somoi	cmavo-compound			      		9ème
sono	cmavo-compound			      		90
sonono	cmavo-compound			      		900
so'o	cmavo   	-sos-		      		plusieurs
sosoce'i	cmavo-compound			      		99 pourcents
so'u	cmavo   	-sot-		      		peu
so'uroi	cmavo-compound			      		peu de fois
sozepimu	cmavo-compound			      		97.5
su	cmavo			      		efface un discours
su'a	cmavo			      		je généralise
su'anai	cmavo-compound			      		je particularise
su'e	cmavo   	-sup-   	-su'e-	      		au plus
su'i	cmavo			      		plus (addition)
su'o	cmavo   	-suz-   	-su'o-	      		au moins
su'oremei	cmavo-compound			      		est pluriel
su'oremoi	cmavo-compound			      		est au moins 2ème
su'u	cmavo   	-suv-		      		abstracteur non spécifique
sy	cmavo			      		lettre « s »
ta	cmavo   	-taz-		      		ça là
ta'a	cmavo			      		coupe la parole
ta'e	cmavo			      		habituellement
ta'enai	cmavo-compound			      		inhabituellement
ta'i	cmavo			      		par la méthode
ta'i ma	cmavo-compound			      		question « méthode ? »
ta'o	cmavo			      		digression
ta'onai	cmavo-compound			      		fin de la digression
tau	cmavo			      		change la casse pour la prochaine lettre
te	cmavo   	-ter-		      		3ème conversion
te'a	cmavo			      		à la puissance (maths)
tebau	cmavo-compound			      		exprimant
tebe'i	cmavo-compound			      		envoyé à
teca'i	cmavo-compound			      		autorité fondée sur les bases
teci'e	cmavo-compound			      		des composants (du système)
teci'o	cmavo-compound			      		ressentant à propos de
tecu'u	cmavo-compound			      		exprimé à l'attention de
tede'i	cmavo-compound			      		à la date à l'endroit
tedi'o	cmavo-compound			      		à cet emplacement avec le range
tedu'i	cmavo-compound			      		égaux selon la propriété
tedu'o	cmavo-compound			      		sachant à propos de
te'e	cmavo			      		bornant temporellement
tefi'e	cmavo-compound			      		créé pour l'usage
tega'a	cmavo-compound			      		observé par les moyens
tei	cmavo			      		lettre composée
teja'i	cmavo-compound			      		par la règle du système
teji'e	cmavo-compound			      		limité selon la propriété
teji'o	cmavo-compound			      		controleur dans l'événement
teka'a	cmavo-compound			      		d'origine
teka'i	cmavo-compound			      		représenté dans
teki'i	cmavo-compound			      		avec la relation
tekoi	cmavo-compound			      		bornant
tela'u	cmavo-compound			      		mesuré sur l'échelle
tele'a	cmavo-compound			      		défini par la qualité
teli'e	cmavo-compound			      		ordonné en séquence
tema'e	cmavo-compound			      		dans la forme matérielle
tema'i	cmavo-compound			      		règles du standard
temau	cmavo-compound			      		plus en propriété
teme'a	cmavo-compound			      		moins en propriété
teme'e	cmavo-compound			      		comme nom utilisé par
temu'i	cmavo-compound			      		mobile d'une personne
temu'u	cmavo-compound			      		exemple tiré de l'ensemble
teni'i	cmavo-compound			      		selon le système logique
te'o	cmavo			      		nombre e
tepa'a	cmavo-compound			      		propriété de contraste
tepi'o	cmavo-compound			      		utilisation pour la fonction
tepo'i	cmavo-compound			      		ordonnant les items
tepu'a	cmavo-compound			      		conditions de plaisance
tepu'e	cmavo-compound			      		procédant en la sortie
terai	cmavo-compound			      		à l'extrême
teri'a	cmavo-compound			      		conditions causales
tesi'u	cmavo-compound			      		assisté pour
tetai	cmavo-compound			      		partageant la forme idéale
teta'i	cmavo-compound			      		condition méthodologique
teti'i	cmavo-compound			      		suggéré à
teti'u	cmavo-compound			      		temps du jour
teva'u	cmavo-compound			      		standard d'accointance
tezu'e	cmavo-compound			      		avec l'objectif
ti	cmavo   	-tif-		      		ça juste ici
ti'a	cmavo			      		derrière
ti'e	cmavo			      		j'ai entendu que
ti'i	cmavo			      		suggéré par
ti'u	cmavo			      		associé au temps
to	cmavo			      		parenthèse gauche
to'a	cmavo			      		passe en bas de casse
to'e	cmavo   	-tol-   	-to'e-	      		opposé polaire dans l'échelle de la négativité
toi	cmavo			      		parenthèse droite
to'o	cmavo			      		loin de
to'u	cmavo			      		en bref
to'unai	cmavo-compound			      		en détail
tu	cmavo   	-tuf-		      		ça là-bas loin
tu'a	cmavo			      		extrait un sumti concret d'une abstraction non spécifiée
tu'i	cmavo			      		associé à l'endroit
tu'o	cmavo			      		opérateur nul (maths)
ty	cmavo			      		lettre « t »
u	cmavo			      		x quelque soit y (sumti)
ua	cmavo			      		eureka
u'a	cmavo			      		gain
uanai	cmavo-compound			      		confusion
u'anai	cmavo-compound			      		perte
ubu	bu-letteral			      		lettre « u »
ue	cmavo			      		surprise
u'e	cmavo			      		émerveillement
uecu'i	cmavo-compound			      		pas vraiment une surprise
uenai	cmavo-compound			      		attendue
u'enai	cmavo-compound			      		banalité
uepei	cmavo-compound			      		surprise ?
ui	cmavo			      		joie
u'i	cmavo			      		amusement
uibu	bu-letteral			      		Symbole de bonheur
uinai	cmavo-compound			      		tristesse
uo	cmavo			      		complétude
u'o	cmavo			      		courage
u'ocu'i	cmavo-compound			      		timidité
uonai	cmavo-compound			      		incomplétude
u'onai	cmavo-compound			      		couardise
uu	cmavo			      		pitié
u'u	cmavo			      		repentance
u'ucu'i	cmavo-compound			      		manque de regret
uunai	cmavo-compound			      		cruauté
u'unai	cmavo-compound			      		innocence
va	cmavo   	-vaz-		      		près de (espace)
va'a	cmavo			      		transforme en l'opposé (pour l'addition)
vai	cmavo			      		15 (F en hexadécimal)
va'i	cmavo			      		attitudinal : en d'autres mots
va'inai	cmavo-compound			      		attitudinal : dans les mêmes termes
va'o	cmavo			      		dans l'environnement
vau	cmavo			      		fini un bridi simple
va'u	cmavo			      		bénéficiant de
ve	cmavo   	-vel-		      		4ème conversion
ve'a	cmavo			      		moyen intervalle spatial
vebe'i	cmavo-compound			      		du transmetteur original
veci'e	cmavo-compound			      		en synergie avec
vecu'u	cmavo-compound			      		exprimé dans le medium
vede'i	cmavo-compound			      		date selon le calendrier
vedu'o	cmavo-compound			      		selon l'épistémologie
ve'e	cmavo   	-ve'e-		      		tout l'espace
vefi'e	cmavo-compound			      		créé à partir de
vega'a	cmavo-compound			      		observé sous les conditions
vei	cmavo			      		parenthèse gauche (maths)
ve'i	cmavo			      		très petit intervalle spatial
veka'a	cmavo-compound			      		par la route
vemau	cmavo-compound			      		plus, de la quantité
veme'a	cmavo-compound			      		moins, de la quantité
ve'o	cmavo			      		parenthèse droite (maths)
vepa'a	cmavo-compound			      		similaire selon le standard
vepu'e	cmavo-compound			      		passant par les étapes
verai	cmavo-compound			      		superlatif parmi
vetai	cmavo-compound			      		similaire en propriété
veti'u	cmavo-compound			      		temps à l'endroit
ve'u	cmavo			      		grand intervalle spatial
vi	cmavo   	-viz-		      		ici
vi'a	cmavo			      		intervalle spatial bidimensionnel
vi'e	cmavo			      		intervalle spatial quadridimensionnel
vi'i	cmavo			      		intervalle spatial unidimensionnel
vi ma	cmavo-compound			      		question où ?
vi'u	cmavo			      		intervalle spatial tridimensionnel
vo	cmavo   	-von-		      		4
vo'a	cmavo			      		répète le 1er sumti du bridi principale de cette phrase
vo'e	cmavo			      		répète le 2ème sumti du bridi principale de cette phrase
vo'i	cmavo			      		répète le 3ème sumti du bridi principale de cette phrase
voki'o	cmavo-compound			      		4000
vomoi	cmavo-compound			      		4ème
vono	cmavo-compound			      		40
vonono	cmavo-compound			      		400
vo'o	cmavo			      		répète le 4ème sumti du bridi principale de cette phrase
vo'u	cmavo			      		répète le 5ème sumti du bridi principale de cette phrase
vu	cmavo   	-vuz-		      		loin de
vu'a	cmavo			      		à l'ouest de
vu'e	cmavo			      		attitudinal : vertu
vu'enai	cmavo-compound			      		attitudinal : péché
vu'i	cmavo			      		la suite composée de
vu'u	cmavo			      		moins (maths)
vy	cmavo			      		lettre « v »
xa	cmavo   	-xav-		      		6
xaki'o	cmavo-compound			      		6000
xamoi	cmavo-compound			      		6ème
xano	cmavo-compound			      		60
xanono	cmavo-compound			      		600
xavoki'o	cmavo-compound			      		64000
xe	cmavo   	-xel-		      		5ème conversion
xebe'i	cmavo-compound			      		transmis via
xei	experimental cmavo			      		14 (E en hexadécimal)
xeka'a	cmavo-compound			      		par le moyen de transport
xo	cmavo			      		question « nombre ? »
xu	cmavo			      		question « vrai ou faux ? »
xy	cmavo			      		lettre « x »
y	cmavo			      		hésitation
ybu	bu-letteral			      		lettre « y »
y'y	cmavo			      		Lettre « ' »
za	cmavo			      		distance temporelle moyenne
za'a	cmavo			      		j'observe
zai	cmavo			      		selectionne l'alphabet
za'i	cmavo   	-zaz-		      		abstracteur d'état
za'o	cmavo   	-za'o-		      		continue encore longtemps après
zau	cmavo			      		approuvé par
za'u	cmavo			      		plus grand que
ze	cmavo   	-zel-		      		7
ze'a	cmavo			      		moyenne durée
ze'aba	cmavo-compound			      		moyen intervalle de temps dans le futur
ze'aca	cmavo-compound			      		pendant longtemps durant
ze'apu	cmavo-compound			      		moyen intervalle de temps dans le passé
ze'e	cmavo   	-ze'e-		      		la totalité du temps
zei	cmavo			      		joint comme lujvo
ze'i	cmavo			      		courte durée
zeki'o	cmavo-compound			      		7000
zemoi	cmavo-compound			      		7ème
zeno	cmavo-compound			      		70
zenono	cmavo-compound			      		700
ze'u	cmavo			      		longue durée
zi	cmavo			      		peu de temps
zi'e	cmavo			      		joint des relatives associées au même sumti
zi'o	cmavo   	-zil-		      		sumti inexistant
zo	cmavo			      		citation de 1 mot
zo'a	cmavo   	-zon-   	-zo'a-	      		tangent à
zo'e	cmavo			      		sumti non spécifié
zoi	cmavo			      		citation non lojban
zo'o	cmavo			      		pour rire
zo'obu	bu-letteral			      		Symbole d'humour
zo'onai	cmavo-compound			      		sérieusement
zo'u	cmavo			      		marque la fin du quantificateur logique ou de l'identification du sujet et le début du bridi
zu	cmavo			      		loin dans le temps
zu'a	cmavo			      		à gauche de
zu'e	cmavo			      		avec l'agent
zu'i	cmavo			      		le ça typique (pro sumti)
zu'o	cmavo   	-zum-		      		abstracteur d'activité
zu'u	cmavo			      		d'un côté (figuré)
zu'unai	cmavo-compound			      		de l'autre côté (figuré)
zy	cmavo			      		lettre « z »
