a	cmavo			   	A      	logji jonma'o .i te jorne le li'erla'i sumti le se li'erla'i sumti ja'e lo vlina	{logji} {jonma'o}; {sumti} {vlina}
a'a	cmavo			   	UI1      	tcita le se cusku le du'u la'e ri se jundi le cusku	{jundi}
a'acu'i	cmavo-compound			   	UI*      	tcita le se cusku le du'u la'e ri se nalju'i	{a'a} {cu'i}, {nalju'i}
a'anai	cmavo-compound			   	UI*      	tcita le se cusku le du'u la'e ri se tolju'i	{a'a} {nai}; {tolju'i}
abu	bu-letteral			   	BY*      	pamoi lerfu le lojbo	{lerfu}
a'e	cmavo			   	UI1      	tcita le se cusku le du'u la'e ri se sanji le cusku	{sanji}
a'enai	cmavo-compound			   	UI*      	tcita le se cusku le du'u la'e ri se tatpi	{a'e} {nai}; {tatpi}
ai	cmavo			   	UI1      	tcita le se cusku le du'u la'e ri te zukte fi le cusku	{zukte}
a'i	cmavo			   	UI1      	tcita le se cusku le du'u la'e ri se camtoi le cusku	{camtoi}
a'icu'i	cmavo-compound			   	UI*      	tcita le se cusku le du'u la'e ri se na'e camtoi le cusku	{a'i} {cu'i}; {na'e} {camtoi}
aicu'i	cmavo-compound			   	UI*      	tcita le se cusku le du'u la'e ri se nonjdi le cusku	{ai} {cu'i}; {nonjdi}
ainai	cmavo-compound			   	UI*      	tcita le se cusku le du'u la'e ri te xarnu fi le cusku	{ai} {nai}; {xarnu}
a'inai	cmavo-compound			   	UI*      	tcita le se cusku le du'u la'e ri se surla le cusku	{a'i} {nai}; {surla}
a'o	cmavo			   	UI1      	tcita le se cusku le du'u la'e ri se pacna le cusku	{pacna}
a'oi	experimental cmavo			   	COI      	tcita lo cmene ja ve skicu le du'u sinxa le du'u makau te cusku .e le du'u blozeile'a milxe rinsa le te cusku	ko viska zo {xai} .e zo {coi} .e zo {co'oi} .e zo {o'ai} .i zo {a'oi} cu {u'ivla} gi'e {fu'ivla} fo zoi gy. ahoy .gy lo glibau
a'onai	cmavo-compound			   	UI*      	tcita le se cusku le du'u la'e ri se tolpa'a le cusku	{a'o} {nai}; {tolpa'a}
au	cmavo			   	UI1      	tcita le se cusku le du'u la'e ri se djica le cusku	{djica}
a'u	cmavo			   	UI1      	tcita le se cusku le du'u la'e ri cinri le cusku	{cinri}
a'ucu'i	cmavo-compound			   	UI*      	tcita le se cusku le du'u la'e ri nalci'i	{a'u} {cu'i}; {nalci'i}
aucu'i	cmavo-compound			   	UI*      	tcita le se cusku le du'u la'e ri se naldji le cusku	{au} {cu'i}; {naldji}
aunai	cmavo-compound			   	UI*      	tcita le se cusku le du'u la'e ri se toldji le cusku	{au} {nai}; {toldji}
a'unai	cmavo-compound			   	UI*      	tcita le se cusku le du'u la'e ri rigni le cusku	{a'u} {nai}; {rigni}
au'u	experimental cmavo			   	UI1      	cnima'o .i citmle u'unai     .i kansa zo nai poi na'e citmle u'unaicu'i     .i kansa zo cu'i poi to'e citmle u'u
a'y	experimental cmavo			   	BY      	pa moi lo lerfu be lo lojbo se lerfu	dunli me'o .abu lo ka sinxa ma kau
ba	cmavo			   	PU      	fi'o se balvi
ba'a	cmavo			   	UI2      	tcita le se cusku le du'u la'e ri se bavykri	{bavykri}
ba'acu'i	cmavo-compound			   	UI*      	tcita le se cusku le du'u la'e ri se lifri	{ba'a} {cu'i}; {lifri}
ba'anai	cmavo-compound			   	UI*      	tcita le se cusku le du'u la'e ri se morji	{ba'a} {nai}; {morji}
ba'au	experimental cmavo			   	CUhE      	nau ba	sinxa lo du'u lo nundumu be lo bridi poi vasru zo ba'au cu balvi lo nu zo ba'au se cusku
ba'e	cmavo			   	BAhE      	basna le pa valsi poi vo'a li'erla'i ke'a	{basna}
bai	cmavo			   	BAI      	fi'o bapli
ba'i	cmavo			   	BAI      	fi'o basti	{basti}
ba'o	cmavo			   	ZAhO      	fi'o mulcabna	{mulcabna}
bau	cmavo			   	BAI      	fi'o bangu
ba'u	cmavo			   	UI3      	tcita le se cusku le du'u la'e ri dukse	{dukse}
ba'ucu'i	cmavo-compound			   	UI*      	tcita le se cusku le du'u la'e ri satci	{ba'u} {cu'i}; {satci}
ba'unai	cmavo-compound			   	UI*      	tcita le se cusku le du'u la'e ri toldu'e	{ba'u} {nai}; {toldu'e}
be	cmavo			   	BE      	te jorne lo sumti lo selbrisle ja'e lo cnino selbrisle	{bei}, {be'o}
be'a	cmavo			   	FAhA1      	fi'o se berti	{berti}
be'au	experimental cmavo			   	BAI      	fi'o se banzu	{fi'o} {banzu}
be'e	cmavo			   	COI      	tcita lo cmene ja ve skicu le du'u sinxa le du'u makau te cusku .e le du'u le cusku cu cpedu lo'e nu ri benji kei le te cusku	{doi}; {benji} {cpedu} 
bei	cmavo			   	BEI      	te jorne lo su'oremoi sumti lo selbrisle ja'e lo cnino selbrisle	{be}, {be'o}
be'i	cmavo			   	BAI      	fi'o benji	{benji}
be'o	cmavo			   	BEhO      	fa'orma'o zo be	{fa'orma'o}; {be}; {bei}
be'oi	experimental cmavo			   	BEhOI      	lu fi'o broda fe'u be'oi ko'a li'u du lu fi'o broda be ko'a fe'u li'u	zo be cu krasi .i plixau lo nu tengau lo smuni be lo valsi pe mu'a ma'oi BAI
be'u	cmavo			   	UI5      	tcita le se cusku le du'u la'e ri se claxu je se nitcu	{claxu}; {nitcu}
be'ucu'i	cmavo-compound			   	UI*      	tcita le se cusku le du'u la'e ri mansa	{be'u} {cu'i}; {mansa}
be'unai	cmavo-compound			   	UI*      	tcita le se cusku le du'u la'e ri se dusfri	{be'u} {nai}; {dusfri}
bi	cmavo   	-biv-		   	PA1      	namcu .i sumji li ze li pa .i se li'erla'i li ze lei kancu namcu
bi'ai	experimental cmavo			   	CAhA      	sumtcita lo ka ce'u ce'u se narfaunarcu'i
bi'aiku	cmavo-compound			      		naku ka'eku naku
bi'e	cmavo			   	BIhE      	tcita le se li'erla'i ke mekso fancu cmavo le du'u sinxa le du'u ri kanji pamoi 
bi'i	cmavo   	-biz-		   	BIhI      	nalylogji jonma'o .i te jorne le li'erla'i le se li'erla'i ja'e lo tersei	{tersei}, {ga'o}, {ke'i}
bi'o	cmavo			   	BIhI      	nalylogji jonma'o .i te jorne le li'erla'i le se li'erla'i ja'e lo porsi tersei	{porsi} {tersei}, {ga'o}, {ke'i}
bi'u	cmavo			   	UI3a      	tcita le se cusku le du'u la'e ri cnino datni	{cnino} {datni}
bi'unai	cmavo-compound			   	UI*      	tcita le se cusku le du'u la'e ri slabu datni	{bi'u} {nai}; {slabu} {datni}
bo	cmavo   	-bor-		   	BO      	tordu kuspe te jorne le li'erla'i le se li'erla'i	{tordu} {kuspe} {jorne}
boi	cmavo			   	BOI      	fa'orma'o zo pa .e zo by	{fa'orma'o}; {pa}; {by}
bu	cmavo   	-bus-   	-bu'i-	   	BU      	galfi le pa li'erla'i valsi lo lerfu	{lerfu} {galfi}
bu'a	cmavo   	-bul-		   	GOhA      	pamoi ke logji lairka'e brivla
bu'ai	experimental cmavo			   	NU      	galfi lu'e lo bridi lo logji lairka'e selbrisle	.i mu'a lu su'o bu'ai xe'u kei su'o bu'a ro da zo'u bu'ai da bu'a li'u .i ko sitna zo {su'u} .e zo {bu'a} .e zo {xe'u}
bu'e	cmavo			   	GOhA      	remoi ke logji lairka'e brivla
bu'i	cmavo			   	GOhA      	cimoi ke logji lairka'e brivla
bu'o	cmavo			   	UI7      	tcita le se cusku le du'u la'e ri pu'o se cinmo 	{pu'o} {cinmo}
bu'ocu'i	cmavo-compound			   	UI*      	tcita le se cusku le du'u la'e ri ca'o se cinmo	{bu'o} {cu'i}; {ca'o} {cinmo}
bu'onai	cmavo-compound			   	UI*      	tcita le se cusku le du'u la'e ri ba'o se cinmo	{bu'o} {nai}; {ba'o} {cinmo}
bu'u	cmavo			   	FAhA3      	fi'o se zvati	{zvati}
by	cmavo			   	BY2      	remoi lerfu le lojbo	{lerfu}
ca	cmavo			   	PU      	fi'o se cabna
ca'a	cmavo   	-caz-		   	CAhA      	fi'o jai fatci	{fatci}
ca'e	cmavo			   	UI2      	tcita le se cusku le du'u la'e ri jetnu seja'e le nu ri se cusku
cai	cmavo			   	CAI      	tcita le se cusku le du'u la'e ri carmi le ka se cinmo le cusku	{cinmo} {carmi}
ca'i	cmavo			   	BAI      	fi'o catni	{catni}
canlu bu	bu-letteral			      		lu canlu bu li'u bu'ivla zoi gy. .gy.
ca'o	cmavo			   	ZAhO      	fi'o faurmidju	{faurmidju}
cau	cmavo			   	BAI      	fi'o claxu
ca'u	cmavo			   	FAhA2      	fi'o se crane	{crane}
ce	cmavo   	-cec-		   	JOI      	nalylogji jonma'o .i te jorne le li'erla'i le se li'erla'i ja'e lo selcmi	{nalylogji} {jonma'o}; {selcmi}
ce'a	cmavo			   	LAU      	tcita le se li'erla'i lerfu le du'u ri sinxa le du'u le mokau lertai co'a se pilno	{lerfu}; {lertai} {sinxa}
ce'e	cmavo			   	CEhE      	te jorne le li'erla'i sumti le se li'erla'i sumti ja'e lo sumpoi	{sumpoi}
cei	cmavo			   	CEI      	snigau lo brika'i	{brika'i} {snigau}; {broda}, {brode}, {brodi}, {brodo}, {brodu}
ce'i	cmavo   	-cez-		   	PA3      	namcu .i tcita le li'erla'i namcu le du'u sinxa lo centi be le namcu	{namcu}; {centi}; {cenlai}
ce'o	cmavo   	-ce'o-		   	JOI      	nalylogji jonma'o .i te jorne le li'erla'i le se li'erla'i ja'e lo porsi	{nalylogji} {jonma'o}; {porsi}
ce'u	cmavo			   	KOhA      	sumka'i le ckaji	{sumka'i}; {ckaji}; {ka}
ci	cmavo   	-cib-		   	PA      	namcu .i sumji li re li pa .i se li'erla'i li re lei kancu namcu
ci'e	cmavo			   	BAI      	fi'o ciste	{ciste}
ci'i	cmavo			   	PA5      	namcu .i se zilkancu lo cimni	{namcu}; {cimni} {zilkancu}
ci'o	cmavo			   	BAI      	fi'o cinmo	{cinmo}
ci'u	cmavo			   	BAI      	fi'o ckilu	{ckilu}
co	cmavo   	-col-		   	CO      	tanru fatygau .i simbasygau le seltau le tertau	{tanru} {fatygau}
co'a	cmavo   	-co'a-		   	ZAhO      	fi'o krasi	{krasi}; {cfari}
co'e	cmavo   	-com-   	-co'e-	   	GOhA      	brika'i lo no'e se snigau .a lo klina se jimpe	{brika'i}
co'ei	experimental cmavo			   	COhEI      	lu fi'o broda fe'u co'ei brode li'u du lu fi'o brode broda fe'u li'u	zo co cu krasi .i plixau lo nu tengau lo smuni be lo valsi pe mu'a ma'oi BAI
coi	cmavo			   	COI      	tcita lo cmene ja ve skicu le du'u sinxa le du'u makau te cusku .e le du'u rinsa le te cusku	{doi}, {rinsa}
co'i	cmavo			   	ZAhO      	fi'o se mokca	{mokca}
co'o	cmavo			   	COI      	tcita lo cmene ja ve skicu le du'u sinxa le du'u makau te cusku .e le du'u tolrinsa le te cusku	{doi}, {tolrinsa}
co'u	cmavo   	-co'u-		   	ZAhO      	fi'o fanmo	{fanmo}; {tolcfa}
cu	cmavo			   	CU      	te sepli le selbri lei lidne sumti
cu'a	cmavo			   	VUhU      	mekfancu .i li cu'a abu du le nacnilbra be abu	{mekfancu}; {nacnilbra}
cu'e	cmavo			   	CUhE      	fi'o mo	{fi'o} {mo}
cu'i	cmavo			   	CAI      	tcita le se cusku le du'u la'e ri nutli le ka se cinmo le cusku	{cinmo} {nutli}
cu'o	cmavo			   	MOI      	galfi lu'e lo namcu lo selbrisle .i x_1 zilpa'a le namcu va'o x_2 .i x_1 la'erlai le namcu x_2	{zilpa'a}, {la'erlai}
cu'u	cmavo			   	BAI      	fi'o cusku
cy	cmavo			   	BY2      	cimoi lerfu le lojbo	{lerfu}
da	cmavo   	-dav-   	-dza-	   	KOhA1      	sumka'i .i pamoi ke logji lairka'e snicne	{sumka'i}; {logji} {lairka'e} {snicne}; {de}, {di}
da'a	cmavo   	-daz-		   	PA      	namcu .i rolselsumji li pa .a le se li'erla'i namcu	{namcu}; {rolselsumji}
da'e	cmavo			   	KOhA2      	sumka'i lo zu se cusku poi se lidne le nau se cusku	{zu} {selyli'e} {selsku} {sumka'i}
dai	cmavo			   	UI5      	tcita le se cusku le du'u le cusku cu cnikansa  	{cnikansa}
da'i	cmavo			   	UI3      	tcita le se cusku le du'u la'e ri xanri	{xanri}
da'inai	cmavo-compound			   	UI*      	tcita le se cusku le du'u la'e ri fatci	{da'i} {nai}; {fatci}
da'o	cmavo			   	DAhO      	tolsnigau le sumka'i	{sumka'i} {tolsnigau}
dau	cmavo			   	PA2      	saclu li pano li paxa
da'u	cmavo			   	KOhA2      	sumka'i lo zu se cusku poi lidne le nau se cusku	{zu} {lidne} {selsku} {sumka'i}
de	cmavo			   	KOhA1      	sumka'i .i remoi ke logji lairka'e snicne	{sumka'i}; {logji} {lairka'e} {snicne}; {da}, {di}
de'a	cmavo			   	ZAhO      	fi'o dicra	{dicra}; {denpa}
de'e	cmavo			   	KOhA2      	sumka'i lo za se cusku poi se lidne le nau se cusku	{za} {selyli'e} {selsku} {sumka'i}
de'ei	experimental cmavo			   	ROI      	fi'o se datru li mo'e lo se datru be dei su'i PA	{datru}
dei	cmavo			   	KOhA2      	sumka'i le nau se cusku	{nau} {selsku} {sumka'i}
de'i	cmavo			   	BAI      	fi'o detri	{detri}
de'i'a	experimental cmavo			   	BAI      	fi'o na'arctodetri	.i srana zo {na'arctodetri} .e zo {de'i} .e zo {de'i'e} .e zo {de'i'i} .e zo {de'i'o} .e zo {de'i'u}
dei'a	experimental cmavo			   	TAhE      	zo dei'a sumtcita gi'e cmavo ma'oi ta'e .i ca'e lo du'u «dei'a ko'a broda» cu du'u «zi'o jdika lo ni broda kei ko'a» kei gi'e va'i du'u «lo ni broda cu zildika ko'a»	srana fa zo {jdika} joi zo {zei'a} joi zo {zildika}
de'i'e	experimental cmavo			   	BAI      	fi'o na'ardetri	.i srana zo {na'ardetri} .e zo {de'i} .e zo {de'i'a} .e zo {de'i'i} .e zo {de'i'o} .e zo {de'i'u}
dei'ei	experimental cmavo			      		sumka'i piro le se cusku ja se uencu pe sepa'u dei
de'i'i	experimental cmavo			   	BAI      	fi'o ma'irdetri	.i srana zo {ma'irdetri} .e zo {de'i} .e zo {de'i'a} .e zo {de'i'e} .e zo {de'i'o} .e zo {de'i'u}
de'i'o	experimental cmavo			   	BAI      	fi'o ma'irdeidetri	.i srana zo {ma'irdeidetri} .e zo {de'i} .e zo {de'i'a} .e zo {de'i'e} .e zo {de'i'i} .e zo {de'i'u}
de'i'u	experimental cmavo			   	BAI      	fi'o jefydeidetri	.i srana zo {jefydeidetri} .e zo {de'i} .e zo {de'i'a} .e zo {de'i'e} .e zo {de'i'i} .e zo {de'i'o}
denpa bu	bu-letteral			   	BY*      	lu denpa bu li'u bu'ivla zoi ly...ly.
de'o	cmavo			   	VUhU3      	mekfancu .i li abu de'o by du le dugri be abu bei by	{mekfancu}; {dugri}
de'u	cmavo			   	KOhA2      	sumka'i lo za se cusku poi lidne le nau se cusku	{za} {lidne} {selsku} {sumka'i}
di	cmavo			   	KOhA1      	sumka'i .i cimoi ke logji lairka'e snicne	{sumka'i}; {logji} {lairka'e} {snicne}; {da}, {de}
di'a	cmavo			   	ZAhO      	fi'o toldicra	{toldicra}
di'e	cmavo			   	KOhA2      	sumka'i lo zi se cusku poi se lidne le nau se cusku	{zi} {selyli'e} {selsku} {sumka'i}
di'i	cmavo			   	TAhE      	fi'o dikni se kuspe	{dikni} {kuspe}
di'o	cmavo			   	BAI      	fi'o diklo	{diklo}
di'u	cmavo			   	KOhA2      	sumka'i lo zi se cusku poi lidne le nau se cusku	{zi} {lidne} {selsku} {sumka'i}
do	cmavo   	-don-   	-doi-	   	KOhA3      	sumka'i le tersku 	{sumka'i}; {tersku}
do'a	cmavo			   	UI3      	tcita le se cusku le du'u la'e ri mutce ja traji fi le ka zmadu	{mutce}; {traji}
do'anai	cmavo-compound			   	UI*      	tcita le se cusku le du'u la'e ri mutce ja traji fi le ka mleca	{do'a} {nai}
do'e	cmavo			   	BAI      	fi'o co'e	{co'e}
doi	cmavo			   	DOI      	tcita lo cmene ja ve skicu le du'u sinxa le du'u makau te cusku	{be'e}, {coi}, {co'o}, {fe'o}, {fi'i}, {je'e}, {ju'i}, {ke'o}, {ki'e}, {mi'e}, {mu'o}, {nu'e}, {pe'u}, {re'i}, {ta'a}, {vi'o}
do'i	cmavo			   	KOhA2      	sumka'i lo se cusku	{selsku} {sumka'i}
do'o	cmavo			   	KOhA3      	do joi lo drata be mi .e do
do'u	cmavo			   	DOhU      	fa'orma'o zo doi .e zo coi	{fa'orma'o}; {doi}; {be'e}, {coi}, {co'o}, {fe'o}, {fi'i}, {je'e}, {ju'i}, {ke'o}, {ki'e}, {mi'e}, {mu'o}, {nu'e}, {pe'u}, {re'i}, {ta'a}, {vi'o}
du	cmavo   	-dub-   	-du'o-	   	GOhA      	lu'e x_1 mintu lu'e x_2 le ka ce'u sinxa makau	{mintu}, {dunli}, {sevzi}
du'a	cmavo			   	FAhA1      	fi'o se stuna	{stuna}
du'e	cmavo			   	PA4      	namcu .i se zilkancu lo dukse	{namcu}; {dukse} {zilkancu}
du'i	cmavo			   	BAI      	fi'o dunli	{dunli}
du'o	cmavo			   	BAI      	fi'o djuno	{djuno}
du'u	cmavo   	-dum-		   	NU      	galfi lu'e lo bridi lo selbrisle .i x_1 bridi gi'e se sinxa lu'e le bridi .i x_2 selsku gi'e sinxa le bridi	{bridi}
dy	cmavo			   	BY2      	vomoi lerfu le lojbo	{lerfu}
e	cmavo			   	A      	logji jonma'o .i te jorne le li'erla'i sumti le se li'erla'i sumti ja'e lo kanxe	{logji} {jonma'o}; {sumti} {kanxe}
e'a	cmavo			   	UI1      	tcita le se cusku le du'u la'e ri se curmi	{curmi}
e'anai	cmavo-compound			   	UI*      	tcita le se cusku le du'u la'e ri se tolcru	{e'a} {nai}; {tolcru}
ebu	bu-letteral			   	BY*      	mumoi lerfu le lojbo	{lerfu}
e'e	cmavo			   	UI1      	tcita le se cusku le du'u la'e ri te darsygau	{darsygau}
e'enai	cmavo-compound			   	UI*      	tcita le se cusku le du'u la'e ri te toldarsygau	{e'e} {nai}; {toldarsygau}
ei	cmavo			   	UI1      	tcita le se cusku le du'u la'e ri se bilga	{bilga}
e'i	cmavo			   	UI1      	tcita le se cusku le du'u la'e ri se bapli	{bapli}; {bai}
einai	cmavo-compound			   	UI*      	tcita le se cusku le du'u la'e ri se zifre	{ei} {nai}; {zifre}
e'o	cmavo			   	UI1      	tcita le se cusku le du'u la'e ri se cpedu	{cpedu}
e'u	cmavo			   	UI1      	tcita le se cusku le du'u la'e ri se stidi	{stidi}
e'y	experimental cmavo			   	BY      	pa moi lo lerfu be lo lojbo se lerfu	dunli me'o .abu lo ka sinxa ma kau
fa	cmavo			   	FA      	tcita le se li'erla'i sumti le du'u ri sumti fi li pa
fa'a	cmavo			   	FAhA4      	fi'o farna	{farna}
fa'e	cmavo			   	BAI      	fi'o fatne	{fatne}
fai	cmavo			   	FA      	tcita le se li'erla'i sumti le du'u ri sumti fi lo na'e namcu	{jai}
fa'i	cmavo			   	VUhU2      	mekfancu .i li fa'i abu du le pavdilcu be abu	{mekfancu}; {pavdilcu}
fa'o	cmavo			   	FAhO      	fanmo le se cusku .i na pagbu le fadni gerna	{selsku} {fanmo}
fau	cmavo			   	BAI      	fi'o fasnu
fa'u	cmavo			   	JOI      	nalylogji jonma'o .i te jorne le li'erla'i le se li'erla'i ja'e lo panra remei	{nalylogji} {jonma'o}; {panra}
fau'u	experimental cmavo			   	COI      	tcita lo cmene ja ve skicu le du'u sinxa le du'u makau te cusku .e le du'u le cusku cu djica lo nu le te cusku cu fraxu le cusku	{fraxu}, {u'u}
fe	cmavo			   	FA      	tcita le se li'erla'i sumti le du'u ri sumti fi li re
fe'a	cmavo			   	VUhU3      	mekfancu .i li abu fe'a by du le seltenfa be abu bei by	{mekfancu}; {seltenfa}
fe'e	cmavo			   	FEhE      	galfi lo'e temci tcita lo'e canlu tcita poi smuni panra
fei	cmavo			   	PA2      	saclu li papa li paxa
fe'i	cmavo			   	VUhU1      	mekfancu .i li abu fe'i by du le dilcu be abu bei by	{mekfancu}; {dilcu}
fe'o	cmavo			   	COI      	tcita lo cmene ja ve skicu le du'u sinxa le du'u makau te cusku .e le du'u fanmo le nu cusku	{doi}; {fanmo}
fe'u	cmavo			   	FEhU      	fa'orma'o zo fi'o	{fa'orma'o}; {fi'o}
fi	cmavo			   	FA      	tcita le se li'erla'i sumti le du'u ri sumti fi li ci
fi'a	cmavo			   	FA      	preti le du'u le se li'erla'i sumti cu sumti fi li xokau	{preti}
fi'e	cmavo			   	BAI      	fi'o finti	{finti}
fi'i	cmavo			   	COI      	tcita lo cmene ja ve skicu le du'u sinxa le du'u makau te cusku .e le du'u le te cusku cu zanvi'e le cusku	{doi}; {zanvi'e}
fi'i'e	experimental cmavo			   	COI      	fi'i vitke be fi 
fi'inai	cmavo-compound			   	COI*      	tcita lo cmene ja ve skicu le du'u sinxa le du'u makau te cusku .e le du'u le te cusku cu malvi'e le cusku	{fi'i} {nai}; {malvi'e}
fi'o	cmavo			   	FIhO      	galfi le selbri poi vo'a li'erla'i ke'a ku'o lo tcita be lo sumti bei le du'u ri pamoi sumti vo'e
fi'u	cmavo			   	PA3      	namcu .i frinu le li'erla'i namcu le se li'erla'i namcu	{namcu}; {frinu}
fo	cmavo			   	FA      	tcita le se li'erla'i sumti le du'u ri sumti fi li vo
fo'a	cmavo   	-fo'a-		   	KOhA4      	xamoi sumka'i .i ka'e se snigau sepi'o zo goi	{sumka'i}; {goi}
fo'e	cmavo   	-fo'e-		   	KOhA4      	zemoi sumka'i .i ka'e se snigau sepi'o zo goi	{sumka'i}; {goi}
foi	cmavo			   	FOI      	fa'orma'o zo tei	{fa'orma'o}; {tei}
fo'i	cmavo   	-fo'i-		   	KOhA4      	bimoi sumka'i .i ka'e se snigau sepi'o zo goi	{sumka'i}; {goi}
fo'o	cmavo			   	KOhA4      	somoi sumka'i .i ka'e se snigau sepi'o zo goi	{sumka'i}; {goi}
fo'u	cmavo			   	KOhA4      	panomoi sumka'i .i ka'e se snigau sepi'o zo goi	{sumka'i}; {goi}
fu	cmavo			   	FA      	tcita le se li'erla'i sumti le du'u ri sumti fi li mu
fu'a	cmavo			   	FUhA      	tcita lo mekso le du'u sinxa le mekfancu cu se lidne le re meksu'i be ri	{selyli'e} {mekfancu} {mekso}
fu'e	cmavo			   	FUhE      	krasi le kuspe be le se lidne cmavo be zo ui be'o noi se fanmo zo fu'o	{kuspe} {krasi}; {fu'o}
fu'i	cmavo			   	UI5      	tcita le se cusku le du'u la'e ri frili	{frili}
fu'inai	cmavo-compound			   	UI*      	tcita le se cusku le du'u la'e ri nandu	{fu'i} {nai}; {nandu}
fu'o	cmavo			   	FUhO      	fa'orma'o zo fu'e	{fa'orma'o}; {fu'e}
fu'u	cmavo			   	VUhU0      	mekfancu .i li fu'u abu du le co'e be abu	{mekfancu}; {co'e}
fy	cmavo			   	BY2      	xamoi lerfu le lojbo	{lerfu}
ga	cmavo			   	GA      	logji jonma'o .i te jorne le se li'erla'i be vo'a le se li'erla'i be zo gi ja'e lo vlina	{logji} {jonma'o}; {vlina}
ga'a	cmavo			   	BAI      	fi'o zgana	{zgana}
ga'e	cmavo			   	BY1      	sinxa le du'u le se lidne lerfu cu barda tarmi	{lerfu} {tarmi}; {to'a}
gai	cmavo			   	PA2      	saclu li pare li paxa
ga'i	cmavo			   	UI5      	sinxa le du'u le cusku cu zmadu fi le ni catni ja jikyvai ja se sinma
ga'icu'i	cmavo-compound			   	UI*5      	sinxa le du'u le cusku cu dunli fi le ni catni ja jikyvai ja se sinma	{ga'i} {cu'i}
ga'inai	cmavo-compound			   	UI*5      	sinxa le du'u le cusku cu mleca fi le ni catni ja jikyvai ja se sinma	{ga'i} {nai}
ga'o	cmavo			   	GAhO      	tcita lo tersei jonma'o le du'u sinxa le du'u le sepli cu pagbu le tersei	{ke'i}, {bi'i}, {bi'o}, {mi'i}
gau	cmavo			   	BAI      	fi'o gasnu	{gasnu}
ga'u	cmavo			   	FAhA2      	fi'o se gapru	{gapru}
ge	cmavo			   	GA      	logji jonma'o .i te jorne le se li'erla'i be vo'a le se li'erla'i be zo gi ja'e lo kanxe	{logji} {jonma'o}; {kanxe}
ge'a	cmavo			   	VUhU0      	mekso fancu .i li ge'a abu du abu	{mekso} {fancu}; {du}
ge'e	cmavo			   	UI6      	tcita le se cusku le du'u le cusku cu cinmo lo na'e steci la'e vo'e	{na'e} {steci} {cinmo}
gei	cmavo			   	VUhU2      	mekfancu .i li abu gei by ge'a cy du le tefpi'i be by bei cy bei abu	{mekfancu}; {tefpi'i}
ge'i	cmavo			   	GA      	preti le du'u makau logji jonma'o zo ga le se li'erla'i be vo'a le se li'erla'i be zo gi	{logji} {jonma'o} {preti}
ge'o	cmavo			   	BY1      	sinxa le du'u le se lidne lerfu cu xelso 	{xelso} {lerfu}
ge'u	cmavo			   	GEhU      	fa'orma'o zo goi	{fa'orma'o}; {goi}; {ne}; {no'u}; {pe}; {po}; {po'e}; {po'u}
gi	cmavo			   	GI      	kansa lo'e cmavo be zo ga .a zo gu'a le nu te jorne .i tcita le remoi be le jonsi'u	{logji} {jonma'o}; {ga}, {ge}, {go}, {gu}, {ge'i}; {gu'a}, {gu'e}, {gu'o}, {gu'u}, {gu'i}
gi'a	cmavo			   	GIhA      	logji jonma'o .i te jorne le li'erla'i brirebla le se li'erla'i brirebla ja'e lo vlina	{logji} {jonma'o}; {brirebla} {vlina}
gi'e	cmavo			   	GIhA      	logji jonma'o .i te jorne le li'erla'i brirebla le se li'erla'i brirebla ja'e lo kanxe	{logji} {jonma'o}; {brirebla} {kanxe}
gi'i	cmavo			   	GIhA      	preti le du'u makau logji jonma'o zo gi'a le li'erla'i brirebla le se li'erla'i brirebla	{brirebla} {logji} {jonma'o} {preti}
gi'o	cmavo			   	GIhA      	logji jonma'o .i te jorne le li'erla'i brirebla le se li'erla'i brirebla ja'e lo rolnonvlina	{logji} {jonma'o}; {brirebla} {rolnonvlina}
gi'u	cmavo			   	GIhA      	logji jonma'o .i te jorne le li'erla'i brirebla le se li'erla'i brirebla ja'e lo juvykanxe	{logji} {jonma'o}; {brirebla} {juvykanxe}
go	cmavo			   	GA      	logji jonma'o .i te jorne le se li'erla'i be vo'a le li'erla'i be zo gi ja'e lo rolnonvlina	{logji} {jonma'o}; {rolnonvlina}
go'a	cmavo			   	GOhA      	brika'i lo puza lidne noi ta'e drata le li'erla'i su'eremoi 	{lidne} {brika'i}
go'e	cmavo			   	GOhA      	brika'i le li'erla'i remoi	{li'erla'i} {remoi} {brika'i}
goi	cmavo			   	GOI      	snigau lo sumka'i .i dunli lu noi ca'e du li'u	{sumka'i} {snigau}
go'i	cmavo			   	GOhA      	brika'i le li'erla'i	{li'erla'i} {brika'i}
go'o	cmavo			   	GOhA      	brika'i lo se lidne	{selyli'e} {brika'i}
go'oi	experimental cmavo			   	GOhOI      	brika'i gi'e tcita lo pa se li'erla'i valsi lo lamprurai bridi poi vasru lo bi'unai valsi	ko catlu ji'a zo {zo} .e zo {go'i}
go'u	cmavo			   	GOhA      	brika'i lo puzu lidne	{puzu} {lidne} {brika'i}
gu	cmavo			   	GA      	logji jonma'o .i te jorne le se li'erla'i be vo'a le se li'erla'i be zo gi ja'e lo juvykanxe	{logji} {jonma'o}; {juvykanxe}
gu'a	cmavo			   	GUhA      	logji jonma'o .i te jorne le se li'erli'a be vo'a ke tanru pagbu le se li'erli'a be zo gi ke tanru pagbu ja'e lo vlina	{logji} {jonma'o}; {tanru} {vlina}
gu'au	experimental cmavo			   	BAI      	fi'o gunma
gu'e	cmavo			   	GUhA      	logji jonma'o .i te jorne le se li'erla'i be vo'a ke tanru pagbu le se li'erla'i be zo gi ke tanru pagbu ja'e lo kanxe	{logji} {jonma'o}; {tanru} {kanxe}
gu'i	cmavo			   	GUhA      	preti le du'u makau logji jonma'o zo gu'a le se li'erla'i be vo'a ke tanru pagbu le se li'erla'i be zo gi ke tanru pagbu	{tanru} {logji} {jonma'o} {preti}
gu'o	cmavo			   	GUhA      	logji jonma'o .i te jorne le se li'erla'i be vo'a ke tanru pagbu le se li'erla'i be zo gi ja'e lo rolnonvlina	{logji} {jonma'o}; {tanru} {rolnonvlina}
gu'u	cmavo			   	GUhA      	logji jonma'o .i te jorne le se li'erla'i be vo'a ke tanru pagbu le se li'erla'i be zo gi ke tanru pagbu ja'e lo juvykanxe	{logji} {jonma'o}; {tanru} {juvykanxe}
gy	cmavo			   	BY2      	zemoi lerfu le lojbo	{lerfu}
i	cmavo			   	I      	te jorne lo jufra be da lo jufra be da
ia	cmavo			   	UI1      	tcita le se cusku le du'u la'e ri se krici le cusku	{krici}
i'a	cmavo			   	UI1      	tcita le se cusku le du'u la'e ri se randa le cusku	{randa}
iacu'i	cmavo-compound			   	UI*      	tcita le se cusku le du'u la'e ri se senpi	{ia} {cu'i}; {senpi}
ianai	cmavo-compound			   	UI*      	tcita le se cusku le du'u la'e ri se tolkri	{ia} {nai}; {tolkri}
i'anai	cmavo-compound			   	UI*      	tcita le se cusku le du'u la'e ri te xarnu	{i'a} {nai}; {xarnu}
ibu	bu-letteral			   	BY*      	bimoi lerfu le lojbo	{lerfu}
ie	cmavo			   	UI1      	tcita le se cusku le du'u la'e ri te tugni fi le cusku	{tugni}
i'e	cmavo			   	UI1      	tcita le se cusku le du'u la'e ri se zanru le cusku	{zanru}
i'ecu'i	cmavo-compound			   	UI*      	tcita le se cusku le du'u la'e ri se norzau	{i'e} {cu'i}; {norzau}
ienai	cmavo-compound			   	UI*      	tcita le se cusku le du'u la'e ri te toltu'i	{ie} {nai}; {toltu'i}
i'enai	cmavo-compound			   	UI*      	tcita le se cusku le du'u la'e ri se tolzau	{i'e} {nai}; {tolzau}
ii	cmavo			   	UI1      	tcita le se cusku le du'u la'e ri se terpa le cusku	{terpa}
i'i	cmavo			   	UI1      	tcita le se cusku le du'u la'e ri te kansa fi le cusku	{kansa}
iinai	cmavo-compound			   	UI*      	tcita le se cusku le du'u la'e ri se snura	{ii} {nai}; {snura}
i'inai	cmavo-compound			   	UI*      	tcita le se cusku le du'u la'e ri sivni le cusku	{i'i} {nai}; {sivni}
ija	cmavo-compound			   	JA*      	logji jonma'o .i te jorne le li'erla'i jufra le se li'erla'i jufra ja'e lo vlina	{logji} {jonma'o}, {jufra} {vlina}
ije	cmavo-compound			   	JA*      	logji jonma'o .i te jorne le li'erla'i jufra le se li'erla'i jufra ja'e lo kanxe	{logji} {jonma'o}; {jufra} {kanxe}
ije'i	cmavo-compound			   	JA*      	preti le du'u makau logji te jorne le li'erla'i jufra le se li'erla'i jufra	{jufra} {logji} {jonma'o} {preti}
ijo	cmavo-compound			   	JA*      	logji jonma'o .i te jorne le li'erla'i jufra le se li'erla'i jufra ja'e lo rolnonvlina	{logji} {jonma'o}; {jufra} {rolnonvlina}
iju	cmavo-compound			   	JA*      	logji jonma'o .i te jorne le li'erla'i jufra le se li'erla'i jufra ja'e lo juvykanxe	{logji} {jonma'o}; {jufra} {juvykanxe}
io	cmavo			   	UI1      	tcita le se cusku le du'u la'e ri se sinma le cusku	{sinma}
i'o	cmavo			   	UI1      	tcita le se cusku le du'u la'e ri te ckire fi le cusku	{ckire}; {ki'e}
ionai	cmavo-compound			   	UI*      	tcita le se cusku le du'u la'e ri se tolsi'a le cusku	{io} {nai}; {tolsi'a}
i'onai	cmavo-compound			   	UI*      	tcita le se cusku le du'u la'e ri te jilra le cusku	{i'o} {nai}; {jilra}
iu	cmavo			   	UI1      	tcita le se cusku le du'u la'e ri se prami le cusku	{prami}
i'u	cmavo			   	UI1      	tcita le se cusku le du'u la'e ri slabu le cusku	{slabu}
iucu'i	cmavo-compound			   	UI*      	tcita le se cusku le du'u la'e ri se norpa'i le cusku	{iu} {cu'i}; {norpa'i}
iunai	cmavo-compound			   	UI*      	tcita le se cusku le du'u la'e ri se xebni le cusku	{iu} {nai}; {xebni}
i'unai	cmavo-compound			   	UI*      	tcita le se cusku le du'u la'e ri cizra le cusku	{i'u} {nai}; {cizra}
ja	cmavo   	-jav-		   	JA      	logji jonma'o .i te jorne le li'erla'i ke tanru pagbu le se li'erla'i ke tanru pagbu ja'e lo vlina	{logji} {jonma'o}; {tanru} {vlina}
ja'a	cmavo			   	NA      	tcita lu'e lo bridi le du'u sinxa le tolna'e be la'e ri	{tolna'e}; {na}
ja'e	cmavo			   	BAI      	fi'o jalge	{jalge}
ja'enai	cmavo-compound			   	BAI*      	fi'o na'e jalge	.i srana zo {na'e} .e zo {jalge}
jai	cmavo   	-jax-		   	JAI      	tcita lo selbrisle le du'u le pamoi sumti cu simbasti lo sumti be fi lo na'e namcu	{fai}
ja'i	cmavo			   	BAI      	fi'o javni	{javni}
ja'o	cmavo			   	UI2      	tcita le se cusku le du'u la'e ri se nibli	{nibli}
jau	cmavo			   	PA2      	saclu li paci li paxa
je	cmavo   	-jev-   	-jve-	   	JA      	logji jonma'o .i te jorne le li'erla'i ke tanru pagbu le se li'erla'i ke tanru pagbu ja'e lo kanxe	{logji} {jonma'o}; {tanru} {kanxe}
je'a	cmavo			   	NAhE      	tcita lo selbrisle le du'u tolna'e le du'u makau smuni
je'e	cmavo			   	COI      	tcita lo cmene ja ve skicu le du'u sinxa le du'u makau te cusku .e le du'u le cusku ba'o te benji gi'e jimpe	{doi}; {jimpe}
je'enai	cmavo-compound			   	COI*      	tcita lo cmene ja ve skicu le du'u sinxa le du'u makau te cusku .e le du'u le cusku cu te benji nagi'anai jimpe	{je'e} {nai}
jei	cmavo   	-jez-		   	NU      	galfi lu'e lo bridi lo selbrisle .i x_1 se jetlai le bridi x_2	{jetlai}
je'i	cmavo			   	JA      	preti le du'u makau logji jonma'o zo ja le li'erla'i ke tanru pagbu le se li'erla'i ke tanru pagbu	{tanru} {logji} {jonma'o} {preti}
je'o	cmavo			   	BY1      	sinxa le du'u le se lidne lerfu cu xebro	{xebro} {lerfu}
je'u	cmavo			   	UI3      	tcita le se cusku le du'u la'e ri jetnu
je'unai	cmavo-compound			   	UI*      	tcita le se cusku le du'u la'e ri jitfa	{je'u} {nai}; {jitfa}
ji	cmavo			   	A      	preti le du'u makau logji jonma'o zo a le li'erla'i sumti le se li'erla'i sumti	{sumti} {logji} {jonma'o} {preti}
ji'a	cmavo			   	UI3b      	tcita le se cusku le du'u la'e ri se jmina
ji'e	cmavo			   	BAI      	fi'o jimte	{jimte}
ji'i	cmavo			   	PA      	namcu .i tcita le se li'erla'i namcu le du'u sinxa le du'u ri nalsatci	{namcu}; {nalsatci}
ji'o	cmavo			   	BAI      	fi'o jitro	{jitro}
ji'u	cmavo			   	BAI      	fi'o jicmu	{jicmu}
jo	cmavo   	-jov-		   	JA      	logji jonma'o .i te jorne le li'erla'i ke tanru pagbu le se li'erla'i ke tanru pagbu ja'e lo rolnonvlina	{logji} {jonma'o}; {tanru} {rolnonvlina}
jo'a	cmavo			   	UI3a      	tcita le se cusku le du'u la'e ri je'a drani	{drani}
jo'au	experimental cmavo			   	COI3      	tcita lo cmene ja ve skicu le du'u sinxa le du'u makau genturfa'i dei makau	zo {do'u} cu famyma'o zo {jo'au} .i mupli fa lu jo'au cylyly xi papipa li'u .a lu jo'au camxes li'u .a lu jo'au iocixes li'u .a lu jo'au zantufa xi nopipapa li'u .a lu ilmentufa xi renopavopi'epapapi'erevo li'u a lu jo'au fancylojban li'u mu'anai
jo'e	cmavo   	-jom-		   	JOI      	nalylogji jonma'o .i te jorne le li'erla'i le se li'erla'i ja'e lo jonsumji	{nalylogji} {jonma'o}; {jonsumji}
joi	cmavo   	-jol-   	-joi-	   	JOI      	nalylogji jonma'o .i te jorne le li'erla'i le se li'erla'i ja'e lo gunma	{nalylogji} {jonma'o}; {gunma}
jo'i	cmavo			   	JOhI      	nalylogji jonma'o .i te jorne le li'erla'i meksu'i le se li'erla'i meksu'i ja'e lo nacmei	{nalylogji} {jonma'o}; {meksu'i} {nacmei}
jo'o	cmavo			   	BY1      	sinxa le du'u le se lidne lerfu cu xrabo	{xrabo} {lerfu}
jo'u	cmavo   	-jo'u-		   	JOI      	go ko'e jo'u ko'o broda gi broda fa lo poi'i ge ko'e .e ko'o me ke'a gi ro me ke'a cu me ko'e gi'a me ko'o
ju	cmavo   	-juv-		   	JA      	logji jonma'o .i te jorne le li'erla'i ke tanru pagbu le se li'erla'i ke tanru pagbu ja'e lo juvykanxe	{logji} {jonma'o}; {tanru} {juvykanxe}
ju'a	cmavo			   	UI2      	tcita le se cusku le du'u la'e ri se xusra	{xusra}
ju'acu'i	cmavo-compound			      		sinxa lo du'u le cusku cu skicu gi'eku'i na xusra lo du'u le ve skicu cu drani ja mapti
ju'anai	cmavo-compound			   	UI*2      	sinxa lo du'u le cusku cu skicu gi'eku'i na xusra lo du'u le ve skicu cu drani ja mapti
ju'e	cmavo			   	JOI      	nalylogji jonma'o .i te jorne le li'erla'i le se li'erla'i .i panra zo .i	{nalylogji} {jonma'o}; {i}
ju'i	cmavo			   	COI      	tcita lo cmene ja ve skicu le du'u sinxa le du'u makau te cusku .e le du'u judgau le te cusku	{doi}, {judgau}
ju'o	cmavo			   	UI5      	tcita le se cusku le du'u la'e ri se birti	{birti}
ju'oi	experimental cmavo			      		sinxa lo du'u le cusku cu djuno lo du'u le bridi cu jetnu kei a le danfu be le preti poi ga cy spuda ke'a gi gau cy zo kau tcita ke'a
ju'u	cmavo			   	VUhU2      	mekfancu .i li abu ju'u by du le mekna'u be abu bei by	{mekfancu}; {mekna'u}
jy	cmavo			   	BY2      	somoi lerfu le lojbo	{lerfu}
ka	cmavo   	-kam-		   	NU      	galfi lu'e lo bridi lo selbrisle .i x_1 selkai gi'e se sinxa lu'e le bridi	{selkai}
ka'a	cmavo			   	BAI      	fi'o klama	{klama}
ka'ai	experimental cmavo			   	BAI      	fi'o kansa	.i {kansa}
ka'e	cmavo			   	CAhA      	fi'o se cumki	{cumki}
kai	cmavo			   	BAI      	fi'o ckaji	{ckaji}
ka'i	cmavo			   	BAI      	fi'o krati	{krati}
ka'o	cmavo			   	PA5      	namcu .i seltenfa li ni'upa li re .i te jorne lo tolxarna'u lo xarna'u ja'e lo lujna'u	{namcu}; {lujna'u}
kau	cmavo			   	UI      	tcita lo preti valsi le du'u sinxa le danfu
ka'u	cmavo			   	UI2      	tcita le se cusku le du'u la'e ri kulnu se djuno 	{kulnu} {djuno}
ke	cmavo   	-kem-		   	KE      	krasi lo kuspe girzu noi se fanmo zo ke'e	{ke'e}
ke'a	cmavo			   	KOhA7      	sumka'i le selra'a be lo srana jufra	{sumka'i}; {selra'a}; {noi}, {poi}, {voi}
ke'ai	experimental cmavo			   	KEhAI      	frica binxo lo nalgrici'e pe tanru ja lujvo	zo ke'ai se rafsi la ked. .i lo grici'e pe gismu ja rafsi cu smuvrici .i lu ke'ai melbi cmalu nixli ckule li'u .a zo kedmlecmaxlicu'e cu se cumsmu lo'u to melbi cmalu to nixli to ckule toi toi toi le'u .a lo'u to melbi to cmalu to nixli to ckule toi toi toi toi le'u fi'o ranji .i sisti fa zo ke'ei .a zo ke'ei'a .i fi zo ke'ei binxo fa lo lamselbri
ke'e	cmavo   	-kep-   	-ke'e-	   	KEhE      	fa'orma'o zo ke	{fa'orma'o}; {ke}
ke'ei	experimental cmavo			   	KEhEI      	frica binxo lo pritugrici'e pe tanru ja lujvo	zo ke'ei se rafsi la keb. .i zo ke'ei'a xruti ke frica binxo lo zulgrici'e .i fi zo ke'ei binxo fa lo lamselbri
ke'ei'a	experimental cmavo			   	KEhEIhA      	frica binxo lo zulgrici'e pe tanru ja lujvo	zo ke'ei'a se rafsi la kex. .i xruti frica binxo to balvi lo be zo ke'ei frica binxo lo prutigrici'e .ija balvi lo be zo ke'ai frica binxo lo nalgrici'e toi
kei	cmavo   	-kez-		   	KEI      	fa'orma'o zo nu	{fa'orma'o}; {du'u}; {jei}; {ka}; {li'i}; {mu'e}; {ni}; {nu}; {pu'u}; {si'o}; {su'u}; {za'i}; {zu'o}
ke'i	cmavo			   	GAhO      	tcita lo tersei jonma'o le du'u sinxa le du'u le sepli na pagbu le tersei	{ga'o}; {bi'i}, {bi'o}, {mi'i}
ke'o	cmavo			   	COI      	tcita lo cmene ja ve skicu le du'u sinxa le du'u makau te cusku .e le du'u cpedu lo'e nu ke'usku kei le te cusku	{doi}; {ke'usku}
ke'u	cmavo			   	UI3      	tcita le se cusku le du'u la'e ri krefu lo pu se cusku	{krefu}
ke'unai	cmavo-compound			   	UI*      	tcita le se cusku le du'u la'e ri na krefu lo pu se cusku	{ke'u} {nai}
ki	cmavo			   	KI      	fi'o temci ja canlu manri	{manri}
ki'a	cmavo			   	UI6      	tcita le se cusku le du'u ri cfipu	{cfipu}
ki'anai	cmavo-compound			   	UI*      	tcita le se cusku le du'u ri na cfipu	{ki'a} {nai}
ki'e	cmavo			   	COI      	tcita lo cmene ja ve skicu le du'u sinxa le du'u makau te cusku .e le du'u ckire le te cusku	{doi}, {ckire}
ki'i	cmavo			   	BAI      	fi'o ckini	{ckini}
ki'o	cmavo			   	PA3      	namcu .i kilto le lidne namcu	{namcu}; {kilto}
ki'oi	experimental cmavo			   	BAI      	fi'o se kibzva
ki'u	cmavo			   	BAI      	fi'o krinu	{krinu}
ki'unai	cmavo-compound			   	BAI*      	fi'o na'e krinu	.i srana zo {na'e} .e zo {krinu}
ko	cmavo			   	KOhA3      	sumka'i le tersku noi le cusku cu minde ja cpedu le nu ke'a gasnu la'e le selsku	{sumka'i}; {tersku}; {minde}, {cpedu}
ko'a	cmavo			   	KOhA4      	pamoi sumka'i .i ka'e se snigau sepi'o zo goi	{sumka'i}; {goi}
ko'e	cmavo			   	KOhA4      	remoi sumka'i .i ka'e se snigau sepi'o zo goi	{sumka'i}; {goi}
koi	cmavo			   	BAI      	fi'o korbi	{korbi}
ko'i	cmavo			   	KOhA4      	cimoi sumka'i .i ka'e se snigau sepi'o zo goi	{sumka'i}; {goi}
ko'o	cmavo			   	KOhA4      	vomoi sumka'i .i ka'e se snigau sepi'o zo goi	{sumka'i}; {goi}
ko'oi	experimental cmavo			   	UI6      	tcita lo se cusku le du'u la'e vo'e te minde ja se cpedu ja se curmi ja se pacna ja se stidi ja se djica ja se bilga	{ko}; {au}, {a'o}, {e'o}, {e'u}, {e'a}, {ei}; {minde}, {cpedu}, {curmi}, {pacna}, {stidi}, {djica}, {bilga}
ko'u	cmavo			   	KOhA4      	mumoi sumka'i .i ka'e se snigau sepi'o zo goi	{sumka'i}; {goi}
ku	cmavo			   	KU      	fa'orma'o zo le .e zo la .e zo na .e zo fa .e lo'e sumtcita	{fa'orma'o}; {la}; {lai}; {la'i}; {le}; {le'e}; {lei}; {le'i}; {lo}; {lo'e}; {loi}; {lo'i}; {na}; {sumtcita}
ku'a	cmavo   	-kuz-		   	JOI      	nalylogji jonma'o .i te jorne le li'erla'i le se li'erla'i ja'e lo terkruca	{nalylogji} {jonma'o}; {terkruca}
ku'e	cmavo			   	KUhE      	fa'orma'o zo pe'o	{fa'orma'o}; {pe'o}
ku'i	cmavo			   	UI3b      	tcita le se cusku le du'u la'e ri frica la'e le li'erla'i se cusku 	{frica}
ku'o	cmavo			   	KUhO      	fa'orma'o zo noi	{fa'orma'o}; {noi}; {poi}; {voi}
ku'u	cmavo			   	BAI      	fi'o kulnu	{kulnu}
ky	cmavo			   	BY2      	panomoi lerfu le lojbo	{lerfu}
ky.bu	bu-letteral			      		lu ky.bu li'u bu'ivla zoi ly.q.ly.
la	cmavo			   	LA      	gadri fo le du'u tcita lo cmene
la'a	cmavo			   	UI3      	tcita le se cusku le du'u la'e ri lakne	{lakne}
la'ai	experimental cmavo			   	LOhU      	jbocme fi'o nafte'i lo karsnarfa'o .i lo za'u pa cmene cu se jdijimte lo depybu'i	.i ji'a pilno ka'e fi lo sitsku be lo zunsnafamme'e
la'e	cmavo			   	LAhE      	sumgadri le se li'erla'i sumti le du'u sinxa le selsni be ri	{selsni} {sumgadri}
lai	cmavo			   	LA      	lu'o la	{cmene} {gadri}; {gunma}; {lu'o} {la}
la'i	cmavo			   	LA      	lu'i la	{selcmi} {cmene} {gadri}; {lu'i} {la}
lai'e	experimental cmavo			   	LAhE      	sumgadri le se li'erla'i sumti le du'u sinxa le se cmene be ri	.i lu lai'e ko'a li'u dunli lu zo'e noi se cmene ko'a li'u lo ka smuni .i .e'u viska la'e di'e ji'a .i zo {la'e} zo {la} zo {la'o} zo {la'ai} zo {la'au} zo {lu'u} zo {cmene}
la'o	cmavo			   	ZOI      	tcita le se li'erla'i ke naljbo cmene noi pa lojbo valsi ke'a krasi gi'e fanmo ku'o le du'u sinxa la'e vo'e 	{zoi}; {la}
lau	cmavo			   	LAU      	tcita le se li'erla'i lerfu le du'u sinxa le du'u ri te pandi gi'a steci sinxa	{terpandi}
la'u	cmavo			   	BAI      	fi'o klani	{klani}
lau'e	experimental cmavo			   	KOhA2      	la'e di'e lu'u
lau'u	experimental cmavo			   	KOhA      	la'e di'u lu'u	.i mupli fa lu sicpi ce'o tanbargu .i lau'u noi pluka mi cu mukti lo nu sanga la tanbargu li'u .i srana zo {la'e} .e zo {di'u} .e zo {lu'u}
le	cmavo			   	LE      	gadri lo selbri fo le du'u sinxa ro se skicu be le cusku bei le te cusku bei la'e vo'e	{skicu} {gadri}
le'a	cmavo			   	BAI      	fi'o klesi	{klesi}
le'au	experimental cmavo			   	SEI      	tcita lo se cusku lo du'u va'o ri zo «le» se smuni lo se lidne poi .emna	smudunsi'u fa lu «le'au {ri'oirkai}» li'u jo'u lu «le'au ce'u ce'u ri'oirkai» li'u jo'u lu «sei ca'e mu'a lu «le broda» li'u lu «lo se .{emna} be lo ka ri'oirkai bei lo ka broda» li'u smudu'i» li'u
le'e	cmavo   	-lem-		   	LE      	gadri lo selbri fo le du'u sinxa da poi ro se skicu be le cusku bei le te cusku bei la'e vo'e cu me da	{skicu} {selsucta} {gadri}
lei	cmavo			   	LE      	lu'o le	{velski} {gadri}; {gunma}; {lu'o} {le}
le'i	cmavo			   	LE      	lu'i le	{velski} {gadri}; {selcmi}; {lu'i} {le}
le'o	cmavo			   	UI5      	sinxa le du'u le cusku cu gunta	{gunta}
le'u	cmavo			   	LEhU      	fa'orma'o zo lo'u	{fa'orma'o}; {lo'u}
li	cmavo			   	LI      	gadri fo le du'u tcita lo namcu
li'a	cmavo			   	UI3      	tcita le se cusku le du'u la'e ri klina le ka jimpe ce'u
li'e	cmavo			   	BAI      	fi'o lidne	{lidne}
li'i	cmavo   	-liz-		   	NU      	galfi lu'e lo bridi lo selbrisle .i x_1 se lifri x_2 gi'e se sinxa lu'e le bridi	{lifri}
li'i'e	experimental cmavo			   	BAI      	sumtcita .i lu *li'i'e ko'a* li'u sinxa tu'a la'e lo'u *fi'o lisri ko'a* le'u ja lo'u *xoi ke'a se lisri ko'a* le'u	le {lisri} ka'e {fatci} ja {xanri}
li'o	cmavo			   	UI3a      	tcita le se cusku le du'u lo pagbu be ri ba'o se vimcu	{vimcu}
li'u	cmavo			   	LIhU      	fa'orma'o zo lu	{fa'orma'o}; {lu}
lo	cmavo			   	LE      	gadri lo selbri fo le du'u sinxa su'o ckaji be la'e vo'e	{ckaji} {gadri}
lo'a	cmavo			   	BY1      	sinxa le du'u le se lidne lerfu cu latmo ja lojbo	{latmo} {lojbo} {lerfu}
lo'e	cmavo   	-lom-		   	LE      	gadri lo selbri fo le du'u sinxa da poi ro ckaji be la'e vo'e cu me da	{ckaji} {selsucta} {gadri}
loi	cmavo			   	LE      	lu'o ro lo	{gunma} {gadri}; {lu'o} {lo}
lo'i	cmavo			   	LE      	lu'i ro lo	{gadri}; {selcmi}; {lu'i} {lo}
lo'o	cmavo			   	LOhO      	fa'orma'o zo li	{fa'orma'o}; {li}; {me'o}
lo'u	cmavo			   	LOhU      	tcita le se li'erla'i selsku noi lojbo ju gendra ku'o le du'u sinxa ri .i krasi lo lojbo ju gendra selsku noi se fanmo zo le'u	{juvgendra} {selsku} {sinxa}; {le'u}
lu	cmavo			   	LU      	tcita le se li'erla'i selsku le du'u sinxa ri .i krasi lo te sitna noi se fanmo zo li'u	{selsku} {sinxa}; {li'u}
lu'a	cmavo			   	LAhE      	sumgadri le se li'erla'i sumti le du'u sinxa lo cmima be ri	{cmima} {sumgadri}
lu'e	cmavo			   	LAhE      	sumgadri le se li'erla'i sumti le du'u sinxa le sinxa be ri	{sinxa} {sumgadri}; {la'e}
lu'i	cmavo			   	LAhE      	sumgadri le se li'erla'i sumti le du'u sinxa le selcmi be ro ri .e no drata	{selcmi} {sumgadri}; {ce}; {la'i}, {le'i}, {lo'i}
lu'o	cmavo			   	LAhE      	sumgadri le se li'erla'i sumti le du'u sinxa lo gunma poi se cmima ri .e no drata	{gunma} {sumgadri}; {joi}; {lai}, {lei}, {loi}
lu'u	cmavo			   	LUhU      	fa'orma'o zo la'e .e lo'u na'e bo le'u	{fa'orma'o}; {la'e}; {lu'a}; {lu'e}; {lu'i}; {lu'o}; {tu'a}
ly	cmavo			   	BY2      	papamoi lerfu le lojbo	{lerfu}
ma	cmavo			   	KOhA      	sumka'i preti	{sumka'i} {preti}
ma'a	cmavo			   	KOhA3      	mi jo'u do jo'u lo drata be mi .e do
ma'e	cmavo			   	BAI      	fi'o marji	{marji}
mai	cmavo			   	MAI      	galfi lo namcu lo tcita be lo selsku bei le du'u sinxa le du'u ri momlai le namcu loi jufra	{jufra} {momlai}; {moi}, {mo'o}
ma'i	cmavo			   	BAI      	fi'o manri	{manri}
ma'o	cmavo			   	MAhO      	galfi lo meksu'i lo mekfancu	{meksu'i} {mekfancu} {galfi}
mau	cmavo			   	BAI      	fi'o zmadu	{zmadu}
ma'u	cmavo			   	PA      	namcu lerfu .i tcita le se li'erla'i namcu le du'u sinxa le du'u ri nonmau	{namcu}; {nonmau}
me	cmavo			   	ME      	galfi le se li'erla'i sumti lo selbrisle .i x_1 se sinxa le sumti
me'a	cmavo			   	BAI      	fi'o mleca	{mleca}
me'au	experimental cmavo			   	ME      	.i sa'u dunli zo ckaji .ibo ku'i lo gerna cu dunli lo me zo me moi .i sa'e ka ce'u ckaji ce'u cu ka ce'u me'au ce'u .i pluja zmadu fa lo srana be za'u lo sumti
medomoi	cmavo-compound			      		x_1 cmima x_2 gi'e ckini do x_3	{me} {do} {moi}
me'e	cmavo			   	BAI      	fi'o cmene	{cmene}
mei	cmavo   	-mem-   	-mei-	   	MOI      	galfi lu'e lo namcu lo selbrisle .i x_1 gunma gi'e zilkancu le namcu	{zilkancu} {gunma}; {moi}, {si'e}, {va'e}
me'i	cmavo			   	PA      	namcu .i mleca le se li'erla'i namcu	{namcu}; {mleca}
mei'e	experimental cmavo			   	MEIhE      	galfi lo sumti porsi goi py. lo selbrisle .i x_1 menre lo cmima be py.	srana fa zo {me} .e zo {menre} .e zo {cmima} .e zo {sumpoi} .i se famyma'o zo {mei'o}
mei'o	experimental cmavo			   	MEIhO      	famyma'o ma'oi mei'e
memimoi	cmavo-compound			      		x_1 cmima x_2 gi'e ckini mi x_3	{me} {mi} {moi}
me'o	cmavo			   	LI      	tcita le se li'erla'i le du'u ri mekso	{mekso}
me'u	cmavo			   	MEhU      	fa'orma'o zo me	{fa'orma'o}; {me}
mi	cmavo   	-mib-		   	KOhA3      	le cusku be dei
mi'a	cmavo			   	KOhA3      	mi jo'u lo drata be mi .e do
mi'ai	experimental cmavo			   	KOhA3      	lo su'o re mei je se cmima be mi ku goi ko'a ge'u jo'u lo drata be ko'a
mi'e	cmavo			   	COI      	tcita lo cmene ja ve skicu le du'u sinxa le du'u makau cusku	{doi}
mi'i	cmavo			   	BIhI      	nalylogji jonma'o .i te jorne le li'erla'i le se li'erla'i ja'e lo preja be le se li'erla'i bei le li'erla'i .i le li'erla'i cu midju .i le se li'erla'i cu korbi	{nalylogji} {jonma'o}; {preja}; {ga'o}, {ke'i}
mi'o	cmavo			   	KOhA3      	mi jo'u do
mi'oi	experimental cmavo			      		mi'o a ma'a .i va'i mi jo'u do jo'u cau'i lo drata be mi e do	noroi smudu'i zo {mi'a} .i srana fa zo {mi'o} e zo {ma'a} e zo {mi'ai}
mi'u	cmavo			   	UI3b      	tcita le se cusku le du'u la'e ri mintu la'e lo pu se cusku	{mintu}
mo	cmavo			   	GOhA      	preti le du'u makau brivla ja selbri ja bridi	{brivla}, {selbri}, {bridi}, {preti}
mo'a	cmavo   	-mob-		   	PA4      	namcu .i se zilkancu lo toldu'e	{namcu}; {toldu'e} {zilkancu}
mo'e	cmavo			   	MOhE      	galfi lo sumti lo meksu'i	{sumti} {meksu'i} {galfi}
moi	cmavo   	-mom-   	-moi-	   	MOI      	galfi lu'e lo namcu lo selbrisle .i x_1 cmima x_2 noi porsi x_3 ku'o gi'e ckini le namcu x_3	{porsi}; {mei}, {si'e}, {va'e}; {mai}, {mo'o}, {re'u}
mo'i	cmavo   	-mov-		   	MOhI      	galfi le se lidne cmavo be zo fa'a noi tcita fi le du'u zvati makau ku'o lo tcita be fi le du'u muvdu makau	{muvdu}
mo'ibu'u	cmavo-compound			   	FAhA*      	fi'o se muvdu	{muvdu}
mo'o	cmavo			   	MAI      	galfi lo namcu lo tcita be lo selsku bei le du'u sinxa le du'u ri momlai le namcu loi ckupau	{ckupau} {momlai}; {mai}
mo'u	cmavo			   	ZAhO      	fi'o mulfa'o	{mulfa'o}
mu	cmavo   	-mum-		   	PA1      	namcu .i sumji li vo li pa .i se li'erla'i li vo lei kancu namcu
mu'a	cmavo			   	UI3      	tcita le se cusku le du'u la'e ri mupli	{mupli}
mu'e	cmavo   	-muf-		   	NU1      	galfi lu'e lo bridi lo selbrisle .i x_1 mokca fasnu gi'e se sinxa lu'e le bridi	{mokca} {fasnu}
mu'i	cmavo			   	BAI      	fi'o mukti	{mukti}
mu'inai	cmavo-compound			   	BAI*      	fi'o na'e mukti	.i srana zo {na'e} .e zo {mukti}
mu'o	cmavo			   	COI      	tcita lo cmene ja ve skicu le du'u sinxa makau te cusku .e le du'u le se cusku cu mulno .i le cusku cu denpa lo'e nu le te cusku cu spuda	{doi}; {mulno}; {spuda} {denpa}
mu'u	cmavo			   	BAI      	fi'o mupli	{mupli}
my	cmavo			   	BY2      	paremoi lerfu le lojbo	{lerfu}
na	cmavo   	-nar-		   	NA      	tcita lu'e lo bridi le du'u sinxa le natfe be la'e ri	{bridi} {natfe}; {ja'a}
na'a	cmavo			   	BY1      	fanmo ro le nu lerfu cenba	{lerfu} {cenba} {fanmo}
na'e	cmavo   	-nal-		   	NAhE      	galfi lo selbrisle lo drata 	{brivla} {drata}
nai	cmavo			   	NAI      	galfi le li'erla'i valsi lo smuni dukti	{dukti}
na'i	cmavo			   	UI3a      	tcita le se cusku le du'u la'e ri na'e drani
na'o	cmavo			   	TAhE      	fi'o jai ve'a cafne	{cafne}
nau	cmavo			   	CUhE      	ca dei bu'u dei	zo nau tcita lo sinxa be lo tcini be dei .u la'e dei
na'u	cmavo			   	NAhU      	galfi lo selbri lo mekfancu	{selbri} {mekfancu} {galfi}
ne	cmavo			   	GOI      	noi ke'a srana	{noi} {srana}
ne'a	cmavo			   	FAhA3      	fi'o se jibni	{jibni}
nei	cmavo			   	GOhA      	brika'i dei	{brika'i}, {dei}, {vo'a}, {vo'e}, {vo'i}, {vo'o}, {vo'u} 
ne'i	cmavo			   	FAhA3      	fi'o se nenri	{nenri}
ne'o	cmavo			   	VUhU      	mekfancu .i li ne'o abu du le fampi'i be abu	{mekfancu}; {fampi'i}
ne'u	cmavo			   	FAhA1      	fi'o se snanu	{snanu}
ni	cmavo   	-nil-		   	NU      	galfi lu'e lo bridi lo selbrisle .i x_1 klani fi x_2 gi'e se sinxa lu'e le bridi	{klani}
ni'a	cmavo			   	FAhA2      	fi'o se cnita	{cnita}
ni'e	cmavo			   	NIhE      	galfi lo selbri lo meksu'i	{selbri} {meksu'i} {galfi}
ni'i	cmavo			   	BAI      	fi'o nibli	{nibli}
ni'inai	cmavo-compound			   	BAI*      	fi'o na'e nibli	.i srana zo {na'e} .e zo {nibli}
ni'o	cmavo			   	NIhO      	sinxa le du'u co'a jufmei lo cnino	{cnino} {jufmei}
ni'u	cmavo			   	PA      	namcu lerfu .i tcita le se li'erla'i namcu le du'u sinxa le du'u ri nonme'a	{namcu}; {nonme'a}
no	cmavo   	-non-		   	PA1      	namcu .i se sumji ro namcu ri .i se zilkancu lo kunti 	{namcu}; {kunti} {zilkancu}
no'a	cmavo			   	GOhA      	brika'i le bridi poi vasru dei	{brika'i}; {vasru} {bridi}
no'ai	experimental cmavo			   	PA4      	li no'ai du li rone'e no .i zo no'ai sinxa lo du'u no nonme'a va'o se smuni	srana fa lu {rone'e} li'u jo'u zo {no} jo'u zo {no'e'u}
no'e	cmavo   	-nor-   	-no'e-	   	NAhE      	galfi lo selbrisle lu'e lo nutli be tu'a zo je'a bi'i zo to'e	{brivla} {nutli}
no'e'u	experimental cmavo			   	PA4      	li no'e'u du li no poi jbini lo nonmau ce lo nonme'a .i zo no'e'u sinxa lo du'u lo nonmau ba'e e lo nonme'a va'o se smuni	srana fa zo {no} jo'u zo {no'e} jo'u zo {no'ai}
noi	cmavo			   	NOI      	te jorne lo sumti lo ra'abri be ri .i tcita le se li'erla'i bridi le du'u ri pinka la'e le li'erla'i su'ivla	{pinka} {ra'abri}; {poi}, {voi}; {ne}, {no'u}
no'i	cmavo			   	NIhO      	sinxa le du'u co'a jufmei lo slabu	{slabu} {jufmei}
no'o	cmavo			   	PA      	namcu .i se zilkancu lo fadni ja cnano	{namcu}; {fadni} {cnano} {zilkancu}
no'u	cmavo			   	GOI      	noi ke'a du	{noi} {du}
nu	cmavo   	-nun-		   	NU      	galfi lu'e lo bridi lo selbrisle .i x_1 fasnu gi'e se sinxa lu'e le bridi	{fasnu}
nu'a	cmavo			   	NUhA      	galfi lu'e lo mekfancu lo selbrisle	{mekfancu} {brivla} {galfi}; {na'u}
nu'e	cmavo			   	COI      	tcita lo cmene ja ve skicu le du'u sinxa makau te cusku .e le du'u le cusku cu nupre fi le te cusku	{doi}; {nupre}
nu'i	cmavo			   	NUhI      	krasi lo logji jorne sumpoi noi se fanmo zo nu'u	{sumpoi} {krasi}; {nu'u}
nu'o	cmavo   	-nu'o-		   	CAhA      	ka'e je na pu ca'a	{ca'a}, {ka'e}, {pu'i}
nu'u	cmavo			   	NUhU      	fa'orma'o zo nu'i	{fa'orma'o}; {nu'i}
ny	cmavo			   	BY2      	pacimoi lerfu le lojbo	{lerfu}
o	cmavo			   	A      	logji jonma'o .i te jorne le li'erla'i sumti le se li'erla'i sumti ja'e lo rolnonvlina	{logji} {jonma'o}; {sumti} {rolnonvlina}
o'a	cmavo			   	UI1      	tcita le se cusku le du'u la'e ri se jgira le cusku	{jgira}
o'acu'i	cmavo-compound			   	UI*      	tcita le se cusku le du'u la'e ri se cumla le cusku	{o'a} {cu'i}; {cumla}
o'anai	cmavo-compound			   	UI*      	tcita le se cusku le du'u la'e ri se ckeji le cusku	{o'a} {nai}; {ckeji}
obu	bu-letteral			   	BY*      	pavomoi lerfu le lojbo	{lerfu}
o'e	cmavo			   	UI1      	tcita le se cusku le du'u la'e ri cnijbi le cusku	{cnijbi}
o'enai	cmavo-compound			   	UI*      	tcita le se cusku le du'u la'e ri cnida'o le cusku	{o'e} {nai}; {cnida'o}
oi	cmavo			   	UI1      	tcita le se cusku le du'u la'e ri se pante le cusku	{pante}
o'i	cmavo			   	UI1      	tcita le se cusku le du'u la'e ri te kajde fi le cusku	{kajde}
oinai	cmavo-compound			   	UI*      	tcita le se cusku le du'u la'e ri pluka ja se kufra le cusku	{oi} {nai}; {pluka}, {kufra}
o'o	cmavo			   	UI1      	tcita le se cusku le du'u la'e ri se panpi le cusku	{panpi}
o'onai	cmavo-compound			   	UI*      	tcita le se cusku le du'u la'e ri te fengu fi le cusku	{o'o} {nai}; {fengu}
o'u	cmavo			   	UI1      	tcita le se cusku le du'u la'e ri se surla le cusku	{surla}
pa	cmavo   	-pav-		   	PA      	namcu i kantu lo'e ve kancu
pa'a	cmavo			   	BAI      	fi'o panra	{panra}
pa'e	cmavo			   	UI3      	tcita le se cusku le du'u la'e ri se pairnu'i	{pairnu'i}
pai	cmavo			   	PA      	namcu .i parbi le se klani be le korbi be lo cukla le se klani be le mijgresirji be fo cy. .i jbidu'o li cipipavopamuso	{namcu}; {cukla} {korbi} {mijgresirji} {parbi}
pa'i	cmavo			   	VUhU2      	mekfancu .i li abu pa'i by du le parbi be abu bei by	{mekfancu}; {parbi}
pa'o	cmavo			   	FAhA1      	fi'o se pagre	{pagre}
pau	cmavo			   	UI3a      	tcita le se cusku le du'u la'e ri preti
pa'u	cmavo			   	BAI      	fi'o pagbu	{pagbu}
pe	cmavo			   	GOI      	poi ke'a srana	{poi} {srana}
pe'a	cmavo   	-pev-		   	UI3c      	tcita le se cusku le du'u ri se sidysmu	{sidysmu}
pe'e	cmavo			   	PEhE      	tcita le se li'erla'i jonma'o le du'u sinxa le du'u ri sumpoi te jorne	{sumpoi} {jonma'o}
pei	cmavo			   	CAI      	preti le du'u le te cusku cu cinmo makau kei .a le du'u le te cusku cu cinmo la'e le se cusku sela'u makau	{cinmo} {preti}
pe'i	cmavo			   	UI2      	tcita le se cusku le du'u la'e ri se jinvi	{jinvi}
pe'o	cmavo			   	PEhO      	tcita lo mekfancu lo du'u sinxa lo du'u ri lidne lo ro meksu'i be ri	{lidne} {mekfancu}
pe'u	cmavo			   	COI      	tcita lo cmene ja ve skicu le du'u sinxa le du'u makau te cusku .e le du'u le cusku cu cpedu fi le te cusku	{doi}; {cpedu}
pi	cmavo   	-piz-		   	PA3      	namcu lerfu .i te sepli le mulna'u le frinu pagbu be le namcu
pi'a	cmavo			   	VUhU4      	mekfancu .i li .abu pi'a by. du le nacmeimei be fo .abu bei fu by. .i .abu .e by. pinynacmei	{mekfancu}; {pinynacmei} {nacmeimei}; {sa'i}
pi'e	cmavo			   	PA      	namcu lerfu .i nacle'u te sepli 	{namcu}; {nacle'u} {sepli}
pi'i	cmavo			   	VUhU1      	mekfancu .i li abu pi'i by du le pilji be abu bei by	{mekfancu}; {pilji}
pi'o	cmavo			   	BAI      	fi'o pilno	{pilno}
pi'u	cmavo   	-piv-		   	JOI      	nalylogji jonma'o .i te jorne le li'erla'i le se li'erla'i ja'e lo selcmipi'i	{nalylogji} {jonma'o}; {selcmipi'i}
po	cmavo			   	GOI      	poi ke'a se steci le ka ce'u srana	{poi}; {steci}; {srana}
po'a	experimental cmavo			   	BAI      	fi'o ponse fe'u	.i lu po'a ko'a li'u dunli lu fi'o ponse ko'a li'u lo ka smuni .i mupli fa lu doi la noltrunau fi mi cange po'a la karabas fa lo piro se viska be mi'o li'u .e lu lo xanto cu po'a gunka lo nu bevri lo mudri li'u .i srana zo {po} .e zo {ponse}
po'e	cmavo			   	GOI      	poi ke'a se jinzi le ka ce'u se steci le ka ce'u srana	{poi}; {jinzi}; {steci}; {srana}
poi	cmavo			   	NOI      	te jorne lo sumti lo ra'abri be ri .i tcita le se li'erla'i bridi le du'u by. jimte le li'erla'i su'ivla le ka ce'u sinxa makau	{jimte} {ra'abri}; {noi}; {pe}; {po}; {po'e}; {po'u}
po'i	cmavo			   	BAI      	fi'o porsi	{porsi}
po'o	cmavo			   	UI3b      	tcita le se cusku le du'u la'e ri selte'i le ka mapti	{selte'i}
po'u	cmavo			   	GOI      	poi ke'a du	{poi} {du}
pu	cmavo			   	PU      	fi'o se purci
pu'a	cmavo			   	BAI      	fi'o pluka	{pluka}
pu'au	experimental cmavo			   	CUhE      	nau pu	sinxa lo du'u lo nundumu be lo bridi poi vasru zo pu'au cu purci lo nu zo pu'au se cusku
pu'e	cmavo			   	BAI      	fi'o pruce	{pruce}
pu'i	cmavo   	-pus-		   	CAhA      	ka'e je pu ca'a	{ka'e}, {ca'a}, {nu'o}
pu'o	cmavo			   	ZAhO      	fi'o cfapru	{cfapru}
pu'u	cmavo   	-puv-		   	NU1      	galfi lu'e lo bridi lo selbrisle .i x_1 pruce fo x_2 gi'e se sinxa lu'e le bridi	{pruce}
py	cmavo			   	BY2      	pamumoi lerfu le lojbo	{lerfu}
ra	cmavo			   	KOhA5      	sumka'i lo lidne noi drata le li'erla'i	{lidne} {sumka'i}
ra'a	cmavo			   	BAI      	fi'o srana	{srana}
ra'ai	experimental cmavo			   	RAhAI      	sitsku lo pa nalsmucme bau lo jbobau sau lo jbobau ke seltidjvesna cu seji'e lo depybu'i 	simsa zo la'ai poi ku'i pilno lo pa nalsmucme
ra'e	cmavo			   	PA      	namcu lerfu .i tcita lei se li'erla'i namcu lerfu le du'u sinxa le du'u ri rapli li ci'i 	{namcu}; {rapli}
rai	cmavo			   	BAI      	fi'o traji	{traji}
ra'i	cmavo			   	BAI      	fi'o krasi	{krasi}
ra'o	cmavo			   	RAhO      	tcita lo brika'i le du'u sinxa le du'u lei sumka'i pe ri va'o krefu se snigau
ra'oi	experimental cmavo			   	RAhOI      	tcita lo pa rafsi noi se li'erla'i ku'o lo du'u vo'e rafsi	.i .a'e so'o roi ku canlu bu .a denpa bu cu .ei lidne ja se lidne lo rafsi .i la zantufa xi pipavo .e lo balvi cu genturfa'i zo ra'oi poi cmavo ma'oi RAhOI to zoi zoi http://guskant.github.io/gerna_cipra/zantufa-0.14.html zoi toi .i mupli fa lu ra'oi.cra li'u .e lu ra'oi.cac li'u .e lu ra'oicai li'u .e lu ra'oicacy li'u .e lu ra'oi.gismy li'u .e lu ra'oigismu li'u
rau	cmavo			   	PA4      	namcu .i se zilkancu lo banzu	{namcu}; {banzu}
ra'u	cmavo			   	UI3      	tcita le se cusku le du'u la'e ri ralju fi le ka vajni	{vajni} {ralju}
re	cmavo   	-rel-		   	PA      	namcu .i sumji li pa li pa .i se li'erla'i li pa lei kancu namcu
re'a	cmavo			   	VUhU4      	mekfancu .i li re'a abu du le fatne be abu noi nacmeimei	{mekfancu}; {nacmeimei} {fatne}
re'e	cmavo			   	UI4      	tcita le se cusku le du'u la'e ri se krasi le ruxse'i be le cusku	{ruxse'i}
rei	cmavo			   	PA2      	saclu li pavo li paxa	{xei}
re'i	cmavo			   	COI      	tcita lo cmene ja ve skicu le du'u sinxa le du'u makau te cmene .e le du'u le cusku cu bredi lo'e nu te benji	{doi}; {bredi}
re'o	cmavo			   	FAhA3      	fi'o se lamji	{lamji}
re'u	cmavo			   	ROI      	galfi lo'e namcu lo'e tcita be fi le du'u la'e le se cusku cu krefu fi le namcu ze'a le se tcita	{krefu}
ri	cmavo			   	KOhA5      	sumka'i le li'erla'i	{li'erla'i} {sumka'i}
ri'a	cmavo			   	BAI      	fi'o rinka	{rinka}
ri'anai	cmavo-compound			   	BAI*      	fi'o na'e rinka	.i srana zo {na'e} .e zo {rinka}
ri'e	cmavo			   	UI5      	sinxa le du'u le cusku cu zifcru ri le nu cinmo ja ke cinmo jarco	{cinmo} {zifcru}
ri'i	cmavo			   	BAI      	fi'o lifri	{lifri}
ri'o	cmavo			   	VUhU4      	mekfancu .i li .abu ri'o by. ga'e cy. du le ra'irsumji be .abu bei by. bei cy.	{mekfancu}; {ra'irsumji}
ri'u	cmavo			   	FAhA2      	fi'o se pritu	{pritu}
ro	cmavo   	-rol-		   	PA4      	namcu .i se zilkancu lo mulno	{namcu}; {mulno} {zilkancu}
ro'a	cmavo			   	UI4      	tcita le se cusku le du'u la'e ri srana le nu le cusku cu jikca	{jikca}
ro'e	cmavo			   	UI4      	tcita le se cusku le du'u la'e ri se krasi le menli be le cusku	{menli}
roi	cmavo   	-rom-   	-roi-	   	ROI      	galfi lo'e namcu lo'e tcita be fi le du'u le se cusku cu rapli le namcu ze'a le se tcita	{rapli}
ro'i	cmavo			   	UI4      	tcita le se cusku le du'u la'e ri srana le nu le cusku cu cinmo	{cinmo}
rone'e	cmavo-compound			   	PA*4      	sinxa lo namcu poi va'o mecrai fi lo ka kamdu'o
ro'o	cmavo			   	UI4      	tcita le se cusku le du'u la'e ri se krasi le xadni be le cusku	{xadni}
ro'oi	experimental cmavo			   	PA4      	namcu .i se zilkancu lo mulno .i ka'e se basti su'o re namcu	.i lu {ro'oi} {da} li'u du lu {na} {ku} {su'oi} {da} {na} {ku} li'u .i ko karbi zo ro'oi zo {ro}
ro'u	cmavo			   	UI4      	tcita le se cusku le du'u la'e ri srana le nu le cusku cu cinse	{cinse}
ru	cmavo			   	KOhA4      	sumka'i lo puzu lidne	{puzu} {lidne} {sumka'i}
ru'a	cmavo			   	UI2      	tcita le se cusku le du'u la'e ri se sruma	{sruma}
ru'e	cmavo			   	CAI      	tcita le se cusku le du'u la'e ri ruble le ka se cinmo le cusku	{cinmo} {ruble}
ru'i	cmavo			   	TAhE      	fi'o se ranji	{ranji}
ru'o	cmavo			   	BY1      	sinxa le du'u le se lidne lerfu cu rusko	{rusko} {lerfu}
ru'u	cmavo			   	FAhA2      	fi'o se sruri	{sruri}
ry	cmavo			   	BY2      	paxamoi lerfu le lojbo	{lerfu}
sa	cmavo			   	SA      	vimcu pisu'o le li'erla'i se cusku .i le se li'erla'i valsi cu jarco le du'u vimcu pixokau le se cusku	{selsku} {vimcu}; {si}; {su}
sa'a	cmavo			   	UI3a      	tcita le se cusku le du'u ri se setca le te lisri ja sitna ja cusku'i	{cusku'i} {setca}
sa'e	cmavo			   	UI3      	tcita le se cusku le du'u la'e ri satci
sai	cmavo			   	CAI      	tcita le se cusku le du'u la'e ri tsali le ka se cinmo le cusku	{cinmo} {tsali}
sa'i	cmavo			   	VUhU4      	mekfancu .i li .abu pi'a by. du le nacmeimei be fo .abu bei fu by. .i .abu .e by. rajnacmei	{mekfancu}; {rajnacmei} {nacmeimei}; {pi'a}
sa'o	cmavo			   	VUhU4      	mekfancu .i li .abu sa'o by. du le cneparbi be .abu bei by. 	{mekfancu}; {cneparbi}
sau	cmavo			   	BAI      	fi'o sarcu	{sarcu}
sa'u	cmavo			   	UI3      	tcita le se cusku le du'u la'e ri sampu	{sampu}
se	cmavo   	-sel-		   	SE      	tcita lo selbrisle le du'u le pamoi sumti cu simbasti le remoi sumti	{te}, {ve}, {xe}, {jai}
se'a	cmavo			      		sinxa le du'u le cusku cu sezbanzu	{sezbanzu}
seba'i	cmavo-compound			   	BAI*      	fi'o se basti	{basti}, {ba'i}
se'e	cmavo			   	BY1      	tcita le se li'erla'i nacle'u le du'u ri sinxa lo lerfu	{lerfu} {sinxa}
sei	cmavo			   	SEI      	krasi lo skubancu bridi	{skubancu}; {se'u}
se'i	cmavo			   	UI5      	tcita le se cusku le du'u la'e ri cinmo se farna le sevzi be le cusku	{sevzi} {selfa'a}
seja'e	cmavo-compound			   	BAI*      	fi'o se jalge	.i srana zo {se} .e zo {jalge}
seja'enai	cmavo-compound			   	BAI*      	fi'o na'e se jalge	.i srana zo {na'e} .e zo {se} .e zo {jalge}
se'o	cmavo			   	UI2      	tcita le se cusku le du'u la'e ri se jijnu
sepi'o	cmavo-compound			   	BAI*      	fi'o se pilno	{pilno}, {pi'o}
se'u	cmavo			   	SEhU      	fa'orma'o zo sei .e zo soi	{fa'orma'o}; {sei}; {soi}
si	cmavo			   	SI      	vimcu le pa li'erla'i valsi	{valsi} {vimcu}; {sa}; {su}
si'a	cmavo			   	UI3b      	tcita le se cusku le du'u la'e ri simsa
si'au	experimental cmavo			   	UI2      	tcita lo se cusku noi la'e ri bridi gi fa'u na bridi ku'o lo du'u la'e ri simlu lo ka ce'u fa'u tu'a ri jetnu kei lo cusku be vo'e	{simlu}
si'e	cmavo			   	MOI      	galfi lu'e lo namcu lo selbrisle .i x_1 pagbu x_2 ije le namcu cu frinu le se klani be x_1 le se klani be x_2	{frinu}; {mei}, {moi}, {va'e}
si'i	cmavo			   	VUhU4      	mekfancu .i li .abu si'i by. ga'e cy. du le snisimsumji be .abu bei by. bei cy.	{mekfancu}; {snisimsumji}
si'o	cmavo   	-siz-		   	NU      	galfi lu'e lo bridi lo selbrisle .i x_1 sidbo fi x_2 gi'e se sinxa lu'e le bridi	{sidbo}
si'u	cmavo			   	BAI      	fi'o sidju	{sidju}
si'u'i	experimental cmavo			   	SI      	vimcu lo pa li'erla'i valsi goi ko'a gi'e sinxa lo du'u se xalbo je xanri fa lo nu snuti fa lo nu cusku ko'a	krasi fa zo si jo'u zo .u'i
slaka bu	bu-letteral			   	BY*      	lu slaka bu li'u bu'ivla zoi ly.,.ly.
so	cmavo   	-soz-		   	PA1      	namcu .i sumji li bi li pa .i se li'erla'i li bi lei kancu namcu
so'a	cmavo   	-soj-		   	PA      	namcu .i se zilkancu lo muljbi	{namcu}; {muljbi} {zilkancu}
so'e	cmavo   	-sop-		   	PA      	namcu .i se zilkancu lo xabmau	{namcu}; {xabmau} {zilkancu}
soi	cmavo			   	SOI      	tcita lo selsku le du'u sinxa le du'u lei re se li'erla'i sumti cu simxu la'e le selsku	{simxu}
so'i	cmavo   	-sor-   	-so'i-	   	PA      	namcu .i se zilkancu lo mutce	{namcu}; {mutce} {zilkancu}
so'o	cmavo   	-sos-		   	PA      	namcu .i se zilkancu lo milxe	{namcu}; {milxe} {zilkancu}
so'u	cmavo   	-sot-		   	PA      	namcu .i se zilkancu lo toltce	{namcu}; {toltce} {zilkancu}
su	cmavo			   	SU      	vimcu piro le ba'o se cusku .i cnino casnu gi'a za'ure'u co'a casnu	{selsnu} {vimcu}; {si}; {su} 
su'a	cmavo			   	UI2      	tcita le se cusku le du'u la'e ri sucta	{sucta}
su'e	cmavo   	-sup-   	-su'e-	   	PA      	namcu .i mecyjavdu'i li pa .a le se li'erla'i namcu	{namcu}; {mecyjavdu'i}
su'ei	experimental cmavo			   	SE      	se xi vei pa .e re
su'i	cmavo			   	VUhU1      	mekfancu .i li abu su'i by du le sumji be abu bei by	{mekfancu}; {sumji}
su'o	cmavo   	-suz-   	-su'o-	   	PA      	namcu .i zmajavdu'i li pa .a le se li'erla'i namcu	{namcu}; {zmajavdu'i}
su'oi	experimental cmavo			   	PA4      	namcu .i ka'e se basti su'o re namcu poi zmajavdu'i li pa .a le se li'erla'i namcu	.i lu {su'oi} {da} li'u du lu {na} {ku} {ro'oi} {da} {na} {ku} li'u .i ko karbi zo su'oi zo {su'o}
su'u	cmavo   	-suv-		   	NU      	galfi lu'e lo bridi lo selbrisle .i x_1 sucta le bridi x_2	{sucta}
sy	cmavo			   	BY2      	pazemoi lerfu le lojbo	{lerfu}
ta	cmavo   	-taz-		   	KOhA6      	lo se jarco be le cusku be'o noi jibni le te cusku	{ti}, {tu}
ta'a	cmavo			   	COI      	tcita lo cmene ja ve skicu le du'u sinxa le du'u makau te cusku .e le du'u le cusku cu zunti le te cusku le ka ce'u tavla	{doi}; {tavla} {zunti}
ta'ai	experimental cmavo			   	GOhOI      	tcita pa (to simsa zo zo toi) mupli valsi noi pruce ke'a lo selbrisle noi ke'a se smuni lo ka ce'u valsi gi'e dunli lo bi'u nai mupli valsi lo ka ma kau vlatai ce'u
ta'e	cmavo			   	TAhE      	fi'o jai ve'a tcaci	{tcaci}
tai	cmavo			   	BAI      	fi'o tamsmi	{tamsmi}
ta'i	cmavo			   	BAI      	fi'o tadji	{tadji}
ta'o	cmavo			   	UI3      	tcita le se cusku le du'u la'e ri no'e srana pinka
ta'oi	experimental cmavo			   	TAhOI      	zo ta'oi sinxa lo du'u le cusku cu aidji lo ka ce'u jmina le ca se cusku lo jufra poi lidne	sa'enai dukti zo {i}
tau	cmavo			   	LAU      	tcita le pa se li'erla'i lerfu le du'u ri cenba le ka ce'u barda je'ikau cmalu se tarmi	{lerfu} {tarmi} {cenba}; {ga'e}, {ta'o}
ta'u	cmavo			   	UI3a      	tcita le se cusku le du'u ri se preja fi lo tanru	{tanru} {preja}
tau'o	experimental cmavo			   	TAUhO      	lo lamjvo cu ckaji lo tanru .i lo tersumsu'a pe le lujvo cu mintu lo fanmo ke rafsi jonai gismu
tau'u	experimental cmavo			   	PA5      	namcu fa li re pi'i pai no'u li ji'i xa pi re bi ci pa lo'o
te	cmavo   	-ter-		   	SE      	tcita lo selbrisle le du'u le pamoi sumti cu simbasti le cimoi sumti	{se}, {ve}, {xe}, {jai}
te'a	cmavo			   	VUhU2      	mekfancu .i li abu te'a by du le tenfa be abu bei by	{mekfancu}; {tenfa}
te'e	cmavo			   	FAhA3      	fi'o se koizva	{koizva}; {sekoi}
tei	cmavo			   	TEI      	krasi lo lerfu porsi noi se fanmo zo foi	{lerfu} {porsi} {krasi}; {foi}
te'i	experimental cmavo			   	BAI      	fi'o temjudri	.i srana zo {temjudri} .e zo {de'i} .e zo {ti'u} .i mupli fa lu su'o da nuntumdesku te'i li re no pa mu pi'e mu pi'e ci no pi'e re no pi'e re vo noi sinxa lo mentu ku'o te te'i u'y ty cy xi ma'u so li'u jo'u lu su'o da nuntumdesku te'i li re vo mu ze pa ze re pi so ze mu te te'i la juli'us li'u
te'o	cmavo			   	PA      	namcu .i rarna terdugri ja seltenfa .i jbidu'o li repizepabirebi	{namcu}; {rardugri}, {rartenfa} 
te'u	cmavo			   	TEhU      	fa'orma'o zo ma'o .e zo na'u .e zo ni'e .e zo mo'e .e zo jo'i	{fa'orma'o}; {jo'i}; {ma'o}; {mo'e}; {na'u}; {ni'e} 
ti	cmavo   	-tif-		   	KOhA6      	lo se jarco be le cusku be'o noi jibni le cusku	{ta}, {tu}
ti'a	cmavo			   	FAhA2      	fi'o se trixe	{trixe}
ti'e	cmavo			   	UI2      	tcita le se cusku le du'u la'e ri te jungau	{jungau}
ti'i	cmavo			   	BAI      	fi'o stidi	{stidi}
ti'o	cmavo			   	SEI      	sinxa lo mekfancu selpoi	{mekfancu} {selpoi}
ti'u	cmavo			   	BAI      	fi'o tcika	{tcika}
ti'u'a	experimental cmavo			   	BAI      	fi'o djecacrytcika	.i srana zo {djecacrytcika} .e zo {ti'u} .e zo {ti'u'e} .e zo {ti'u'i}
ti'u'e	experimental cmavo			   	BAI      	fi'o cacryme'utcika	.i srana zo {cacryme'utcika} .e zo {ti'u} .e zo {ti'u'a} .e zo {ti'u'i}
ti'u'i	experimental cmavo			   	BAI      	fi'o metnidytcika	.i srana zo {metnidytcika} .e zo {ti'u} .e zo {ti'u'a} .e zo {ti'u'e}
to	cmavo			   	TO      	krasi lo pinka noi setca ke'a le ralju se cusku 	{toi}
to'a	cmavo			   	BY1      	sinxa le du'u le se lidne lerfu cu cmalu tarmi	{lerfu} {tarmi}; {ga'e}
to'e	cmavo   	-tol-   	-to'e-	   	NAhE      	galfi lo selbrisle lu'e lo dukti be la'e ri bei le ka makau smuni ce'u	{brivla} {dukti}
to'eja'e	cmavo-compound			   	BAI*      	fi'o tolja'e	.i srana zo {tolja'e}
to'eja'enai	cmavo-compound			   	BAI*      	fi'o na'e tolja'e	.i srana zo {na'e} .e zo {tolja'e}
to'eki'u	cmavo-compound			   	BAI*      	fi'o tolki'u	.i srana zo {tolki'u}
to'eki'unai	cmavo-compound			   	BAI*      	fi'o na'e tolki'u	.i srana zo {na'e} .e zo {tolki'u}
to'emu'i	cmavo-compound			   	BAI*      	fi'o tolmu'i	.i srana zo {tolmu'i}
to'emu'inai	cmavo-compound			   	BAI*      	fi'o na'e tolmu'i	.i srana zo {na'e} .e zo {tolmu'i}
to'eni'i	cmavo-compound			   	BAI*      	fi'o tolni'i	.i srana zo {tolni'i}
to'eni'inai	cmavo-compound			   	BAI*      	fi'o na'e tolni'i	.i srana zo {na'e} .e zo {tolni'i}
to'eri'a	cmavo-compound			   	BAI*      	fi'o tolri'a	.i srana zo {tolri'a}
to'eri'anai	cmavo-compound			   	BAI*      	fi'o na'e tolri'a	.i srana zo {na'e} .e zo {tolri'a}
to'eseja'e	cmavo-compound			   	BAI*      	fi'o se tolja'e	.i srana zo {se} .e zo {tolja'e}
to'eseja'enai	cmavo-compound			   	BAI*      	fi'o na'e se tolja'e	.i srana zo {na'e} .e zo {se} .e zo {tolja'e}
toi	cmavo			   	TOI      	fa'orma'o zo to	{fa'orma'o}; {to}; {to'i}
to'i	cmavo			   	TO      	to sa'a	{to} {sa'a}
to'o	cmavo			   	FAhA4      	fi'o fardukti	{fardukti}
to'u	cmavo			   	UI3      	tcita le se cusku le du'u ri tordu	{tordu}
tu	cmavo   	-tuf-		   	KOhA6      	lo se jarco be le cusku be'o noi darno le cusku .e le te cusku	{ti}, {ta}
tu'a	cmavo			   	LAhE      	sumgadri le se li'erla'i sumti le du'u sinxa lo bridi be lo se sumti be ri	{bridi} {sumgadri}
tu'ai	experimental cmavo			   	LU      	tcita le se li'erla'i selsku le du'u sucta la'e ri .i krasi lo te sitna noi se fanmo zo li'u	.i lu {tu'ai} selsku {li'u} li'u dunli lu {tu'a} {la'e} {lu} selsku {li'u} {lu'u} {lu'u} li'u lo ka smuni .i mupli fa lu lo xindo cu facki tu'ai no li'u li'u .i srana zo {xu'u}
tu'e	cmavo			   	TUhE      	krasi lo selsku kuspe noi se fanmo zo tu'u	{selsku} {kuspe} {krasi}; {tu'u}
tu'i	cmavo			   	BAI      	fi'o stuzi	{stuzi}
tu'o	cmavo			   	PA      	norna'u	{no'e} {namcu}; {zi'o}
tu'u	cmavo			   	TUhU      	fa'orma'o zo tu'e	{fa'orma'o}; {tu'e}
ty	cmavo			   	BY2      	pabimoi lerfu le lojbo	{lerfu}
u	cmavo			   	A      	logji jonma'o .i te jorne le li'erla'i sumti le se li'erla'i sumti ja'e lo juvykanxe	{logji} {jonma'o}; {sumti} {juvykanxe}
ua	cmavo			   	UI1      	tcita le se cusku le du'u la'e ri se facki le cusku	{facki}
u'a	cmavo			   	UI1      	tcita le se cusku le du'u la'e ri prali le cusku	{prali}
uanai	cmavo-compound			   	UI*      	tcita le se cusku le du'u la'e ri cfipu le cusku	{ua} {nai}; {cfipu}
u'anai	cmavo-compound			   	UI*      	tcita le se cusku le du'u la'e ri tolprali le cusku	{u'a} {nai}; {tolprali}
ubu	bu-letteral			   	BY*      	pasomoi lerfu le lojbo	{lerfu}
ue	cmavo			   	UI1      	tcita le se cusku le du'u la'e ri se spaji le cusku	{spaji}
u'e	cmavo			   	UI1      	tcita le se cusku le du'u la'e ri se manci le cusku	{manci}
uecu'i	cmavo-compound			   	UI*      	tcita le se cusku le du'u la'e ri na'e spaji le cusku	{ue} {cu'i}; {na'e} {spaji}
uenai	cmavo-compound			   	UI*      	tcita le se cusku le du'u la'e ri se la'erji'i le cusku	{ue} {nai}; {la'erji'i}
u'enai	cmavo-compound			   	UI*      	tcita le se cusku le du'u la'e ri fadni	{u'e} {nai}; {fadni}
ui	cmavo			   	UI1      	tcita le se cusku le du'u la'e ri se gleki le cusku	{gleki}
u'i	cmavo			   	UI1      	tcita le se cusku le du'u la'e ri zdile ja xajmi le cusku	{zdile}; {xajmi}
uinai	cmavo-compound			   	UI*      	tcita le se cusku le du'u la'e ri se badri le cusku	{ui} {nai}; {badri}
u'inai	cmavo-compound			   	UI*      	tcita le se cusku le du'u la'e ri tolzdi le cusku	{u'i} {nai}; {tolzdi}
uo	cmavo			   	UI1      	tcita le se cusku le du'u la'e ri mulno	{mulno}
u'o	cmavo			   	UI1      	tcita le se cusku le du'u la'e ri se virnu le cusku	{virnu}
u'ocu'i	cmavo-compound			   	UI*      	tcita le se cusku le du'u la'e ri se toldarsi le cusku	{u'o} {cu'i}; {toldarsi}
uonai	cmavo-compound			   	UI*      	tcita le se cusku le du'u la'e ri nalmu'o	{uo} {nai}; {nalmu'o}
u'onai	cmavo-compound			   	UI*      	tcita le se cusku le du'u la'e ri se tolvri le cusku	{u'o} {nai}; {tolvri}
uu	cmavo			   	UI1      	tcita le se cusku le du'u la'e ri te kecti fi le cusku	{kecti}
u'u	cmavo			   	UI1      	tcita le se cusku le du'u la'e ri se xenru ja se zungi le cusku	{xenru}; {zungi}
u'ucu'i	cmavo-compound			   	UI*      	tcita le se cusku le du'u la'e ri se nalxe'u ja se nalzungi	{u'u} {cu'i}; {nalxe'u}, {nalzungi}
uunai	cmavo-compound			   	UI*      	tcita le se cusku le du'u la'e ri te tolke'i fi le cusku	{uu} {nai}; {tolke'i}
u'unai	cmavo-compound			   	UI*      	tcita le se cusku le du'u la'e ri se zernalfu'e le cusku	{u'u} {nai}; {zernalfu'e}
va	cmavo   	-vaz-		   	VA      	fi'o tersei be le fasnu bei le manri	{tersei}
va'a	cmavo			   	VUhU      	mekfancu .i li va'a abu du le nonselsumji be abu	{mekfancu}; {nonselsumji}
va'e	cmavo			   	MOI      	galfi lu'e lo namcu lo selbrisle .i x_1 klani le namcu x_2 noi ckilu	{ckilu}; {mei}, {moi}, {si'e}
vai	cmavo			   	PA2      	saclu li pamu li paxa
va'i	cmavo			   	UI3      	tcita le se cusku le du'u ri lo li'erla'i cu frica le ka makau valsi sepa'u ce'u kei gi'e mintu le ka makau smuni ke'a	{valsi} {frica}
va'o	cmavo			   	BAI      	fi'o vanbi	{vanbi}
vau	cmavo			   	VAU      	fa'orma'o .i fanmo lo sampu bridi .i te sepli lei kampu sumti be lo pluja bridi	{fa'orma'o}; {sampu} {bridi} {fanmo}
va'u	cmavo			   	BAI      	fi'o xamgu	{xamgu}
ve	cmavo   	-vel-		   	SE      	tcita lo selbrisle le du'u le pamoi sumti cu simbasti le vomoi sumti	{se}, {te}, {xe}, {jai}
ve'a	cmavo			   	VEhA      	fi'o canlu	{canlu}; na sarcu fa le du'u su'ocida cimde
ve'e	cmavo   	-ve'e-		   	VEhA      	fi'o piromei canlu	{piromei} {canlu}; na sarcu fa le du'u su'ocida cimde
vei	cmavo			   	VEI      	krasi lo mekso noi se fanmo zo ve'o	{mekso} {krasi}; {ve'o}
ve'i	cmavo			   	VEhA      	fi'o cmalu canlu	{cmalu} {canlu}; na sarcu fa le du'u su'ocida cimde
ve'o	cmavo			   	VEhO      	fa'orma'o zo vei	{fa'orma'o}; {vei}
ve'u	cmavo			   	VEhA      	fi'o barda canlu	{barda} {canlu}; na sarcu fa le du'u su'ocida cimde
vi	cmavo   	-viz-		   	VA      	fi'o cmalu tersei be le fasnu bei le manri	{cmalu} {tersei}
vi'a	cmavo			   	VIhA      	fi'o plita	{plita}
vi'e	cmavo			   	VIhA      	fi'o vonca'u	{vonca'u}, {vi'a}, {vi'i}, {vi'u}
vi'i	cmavo			   	VIhA      	fi'o linji	{linji}
vi'o	cmavo			   	COI      	tcita lo cmene ja ve skicu le du'u sinxa le du'u makau te cusku .e le du'u le cusku ba cpezu'e fi le te cusku	{doi}; {cpezu'e}
vi'u	cmavo			   	VIhA      	fi'o canlu	{canlu}; cida cimde
vo	cmavo   	-von-		   	PA      	namcu .i sumji li ci li pa .i se li'erla'i li ci lei kancu namcu
vo'a	cmavo			   	KOhA4      	simka'i le nei	{nei}
vo'e	cmavo			   	KOhA4      	simka'i le se nei	{simka'i}, {nei}
voi	cmavo			   	NOI      	te jorne lo sumti lo ra'abri be ri .i tcita le se li'erla'i bridi le du'u ri velski la'e le li'erla'i su'ivla	{velski} {bridi}; {poi}; {noi}
vo'i	cmavo			   	KOhA4      	simka'i le te nei	{simka'i}, {nei}
vo'o	cmavo			   	KOhA4      	simka'i le ve nei	{nei}
vo'u	cmavo			   	KOhA4      	simka'i le xe nei	{nei}, {simka'i}
vu	cmavo   	-vuz-		   	VA      	fi'o barda tersei be le fasnu bei le manri	{barda} {tersei}
vu'a	cmavo			   	FAhA1      	fi'o se stici	{stici}
vu'e	cmavo			   	UI5      	sinxa le du'u le cusku cu vrude	{vrude}
vu'i	cmavo			   	LAhE      	sumgadri le se li'erla'i sumti le du'u sinxa lo porsi be fi ri	{porsi} {sumgadri}; {ce'o}
vu'o	cmavo			   	VUhO      	te jorne lo ra'abri ja ra'arsu'i lo mulno ke pluja sumti .a lo sumti jonja'e	{clani} {kuspe} {srana}
vu'u	cmavo			   	VUhU1      	mekfancu .i li abu vu'u by du le selsumji be abu bei by	{mekfancu}; {selsumji}
vy	cmavo			   	BY2      	renomoi lerfu le lojbo	{lerfu}
vy.bu	bu-letteral			      		lu vy.bu li'u bu'ivla zoi ly.w.ly.
xa	cmavo   	-xav-		   	PA1      	namcu .i sumji li mu li pa .i se li'erla'i li mu lei kancu namcu
xai	experimental cmavo			   	KOhA5      	ri .ebo ra .a ri .ebo ru .a ra .ebo ra .a ra .ebo ru .a ru .ebo ru .a ri .ebo ra .ebo ru
xa'i	experimental cmavo			   	UI3      	cnima'o .i sinxa lo du'u lo bridi cu xanri ja se xarpei lo cusku	lu xa'i nai li'u se smuni lo du'u lo bridi cu fatci .i srana zo xa'i fa zo {xanri} .e zo {xarpei} .e zo {da'i}
xau	experimental cmavo			   	BAI      	tcita lo sumti lo ka lo nundumu be lo bridi cu xamgu ce'u	lo du'u broda xau mi cu du'u lo nu broda cu fasnu gi'e xamgu mi .i smudu'i lu {seva'u} li'u
xe	cmavo   	-xel-		   	SE      	tcita lo selbrisle le du'u le pamoi sumti cu simbasti le mumoi sumti	{se}, {te}, {ve}, {jai}
xebe'i	cmavo-compound			   	BAI*      	fi'o xe benji	{xe} {be'i}; {benji}
xe'e	experimental cmavo			   	PA4      	tcita le se cusku lo du'u la'e ri na'e itca	srana fa zo {itca} jo'u zo {steci} jo'u lu {su'anai} li'u
xe'enai	cmavo-compound			   	PA*4      	tcita le se cusku lo du'u la'e ri itca	srana fa zo {itca} jo'u zo {steci} jo'u lu {su'anai} li'u
xei	experimental cmavo			   	PA2      	saclu li pavo li paxa
xeka'a	cmavo-compound			   	BAI*      	fi'o xe klama	{xe} {ka'a}; {klama}
xe'u	experimental cmavo			   	GOhA      	brika'i .ije se lidne lo galfi be lo go'i bei lo selbrisle	.i ko sitna zo {ce'u} .e zo {bu'ai}
xi	cmavo			   	XI      	te jorne lo namcu ja lerpoi le li'erla'i terge'a
xo	cmavo			   	PA5      	preti le du'u makau namcu	{namcu} {preti}
xu	cmavo			   	UI6      	tcita lo se cusku le du'u la'e ri preti le du'u jetnu jikau jitfa	{jetnu} {jitfa} {preti}
xunai	cmavo-compound			   	UI*6      	tcita lo se cusku le du'u la'e ri preti lo du'u jitfa jikau jetnu	lo preti gau ti dukti fi lo ka makau se basna po'o jenai spuda
xu'u	experimental cmavo			   	LOhOI      	gadri lo bridi fo lo du'u sinxa su'o sucta be la'e vo'e	.i lo bridi noi se li'erla'i zo xu'u cu se fanmo zo {ku'au} .i lu {xu'u} bridi {ku'au} li'u dunli lu {lo} {su'u} bridi {kei} {ku} li'u lo ka smuni .i mupli fa lu xu'u ko'a na spuda lo mi xatra cu se lakne xu'u da raktu ko'a li'u .i srana zo {tu'ai}
xy	cmavo			   	BY2      	repamoi lerfu le lojbo	{lerfu}
xy.bu	bu-letteral			      		lu xy.bu li'u bu'ivla zoi ly.h.ly.	smudu'i lu {y'y.bu} li'u
y	cmavo			   	Y      	smafanta selba'u .i se pilno fi le nu ralte le nu le te cusku cu jundi kei ze'a le nu le cusku cu jdice le du'u cusku makau	{smafanta} {selba'u}
ybu	bu-letteral			   	BY*      	reremoi lerfu le lojbo	{lerfu}
y'y	cmavo			   	BY2      	recimoi lerfu le lojbo	{lerfu}
y'y.bu	bu-letteral			      		lu y'y.bu li'u bu'ivla zoi ly.h.ly.	smudu'i lu {xy.bu} li'u
za	cmavo			   	ZI      	fi'o temci be le fasnu bei le manri	{temci}
za'a	cmavo			   	UI2      	tcita le se cusku le du'u la'e ri se zgana	{zgana}
za'e	cmavo			   	BAhE      	tcita le se li'erla'i valsi le du'u ri zasni se finti gi'e ka'e se smuni lo na'e fadni	{zasni} {smuni}
zai	cmavo			   	LAU      	tcita le se li'erla'i lerfu le du'u ri sinxa le du'u le mokau selyle'u co'a se pilno	{lerfu}; {selyle'u} {sinxa}
za'i	cmavo   	-zaz-		   	NU1      	galfi lu'e lo bridi lo selbrisle .i x_1 tcini gi'e se sinxa lu'e le bridi	{tcini}
za'o	cmavo   	-za'o-		   	ZAhO      	fi'o se mulbacysta	{mulbacysta}
zau	cmavo			   	BAI      	fi'o zanru	{zanru}
za'u	cmavo			   	PA      	namcu .i zmadu li pa .a le se li'erla'i namcu	{namcu}; {zmadu}
ze	cmavo   	-zel-		   	PA1      	namcu .i sumji li xa li pa .i se li'erla'i li xa lei kancu namcu
ze'a	cmavo			   	ZEhA      	fi'o krafamtei	{krafamtei}
ze'e	cmavo   	-ze'e-		   	ZEhA      	fi'o cimni krafamtei	{cimni} {krafamtei}
zei	cmavo			   	ZEI      	te jorne le li'erla'i valsi le se li'erla'i valsi ja'e lo lujvo
ze'i	cmavo			   	ZEhA      	fi'o cmalu krafamtei	{cmalu} {krafamtei}
zei'a	experimental cmavo			   	TAhE      	zo zei'a sumtcita gi'e cmavo ma'oi ta'e .i ca'e lo du'u «zei'a ko'a broda» cu du'u «zi'o zenba lo ni broda kei ko'a» kei gi'e va'i du'u «lo ni broda cu zilzena ko'a»	srana fa zo {zenba} joi zo {dei'a} joi zo {zilzena}
ze'o	cmavo   	-zev-   	-ze'o-	   	FAhA4      	fi'o se ragve	{ragve}
ze'oi	experimental cmavo			   	GOhOI      	galfi le pa se li'erla'i valsi goi ko'a pa selbri poi se smuni lo du'u «x_1 ckini la'e ko'a x_2»	zo ze'oi se finti fi lo nu rivbi lo nu pilno zo {zei} lo nu zbasu lo zasni tanru lo cmavo
ze'u	cmavo			   	ZEhA      	fi'o barda krafamtei	{barda} {krafamtei}
zi	cmavo			   	ZI      	fi'o cmalu temci be le fasnu bei le manri	{cmalu} {temci}
zi'e	cmavo			   	ZIhE      	te jorne le li'erla'i ra'abri le se li'erla'i ra'abri ja'e lo kampu selra'a	{ra'abri} {terjo'e}
zi'o	cmavo   	-zil-		   	KOhA      	sumka'i lo norsu'i .i vimcu lo sumti le selbri	{sumka'i}; {norsu'i}
zo	cmavo			   	ZO      	tcita le pa se li'erla'i valsi le du'u sinxa ri	{valsi} {sinxa}
zo'a	cmavo   	-zon-   	-zo'a-	   	FAhA4      	fi'o se noryragve	{noryragve}; {zo'i}; {ze'o}
zo'e	cmavo			   	KOhA      	sumka'i lo co'e	{sumka'i}; {co'e}
zoi	cmavo			   	ZOI      	tcita le se li'erla'i ke naljbo selsku noi pa lojbo valsi ke'a krasi gi'e fanmo ku'o le du'u sinxa vo'e 	{naljbo} {selsku} {sinxa}
zo'i	cmavo   	-zor-   	-zo'i-	   	FAhA4      	fi'o se tolragve	{tolragve}
zo'o	cmavo			   	UI5      	tcita le se cusku le du'u la'e ri se xalbo	{xalbo}; {xajmi}
zo'u	cmavo			   	ZOhU      	fanmo le brili'e no'u loi logji se lairgau sumti .a loi terta'a sumti	{brili'e} {fanmo}
zu	cmavo			   	ZI      	fi'o barda temci be le fasnu bei le manri	{barda} {temci}
zu'a	cmavo			   	FAhA2      	fi'o se zunle	{zunle}
zu'e	cmavo			   	BAI      	fi'o zukte	{zukte}
zu'i	cmavo			   	KOhA7      	sumka'i lo'e fadni 	{sumka'i}; {fadni}
zu'o	cmavo   	-zum-		   	NU1      	galfi lu'e lo bridi lo selbrisle .i x_1 selzu'e gi'e se sinxa lu'e le bridi	{selzu'e}
zu'u	cmavo			   	UI3      	tcita lo se cusku le du'u la'e ri zildau	{zildau}; {zu'unai}
zu'unai	cmavo-compound			   	UI*      	tcita le se cusku le du'u la'e ri zildau la'e le se tcita be zo zu'u	{zu'u} {nai}; {zildau}
zy	cmavo			   	BY2      	recimoi lerfu le lojbo	{lerfu}
